img,w,h,scale,center
1v1_images/100.png,170,160,170,"[85.0, 80.0]"
1v1_images/101-2.png,190,172,190,"[95.0, 86.0]"
1v1_images/101.png,748,742,748,"[374.0, 371.0]"
1v1_images/102-2.png,218,250,250,"[109.0, 125.0]"
1v1_images/102.png,226,212,226,"[113.0, 106.0]"
1v1_images/103.png,152,240,240,"[76.0, 120.0]"
1v1_images/105-2.png,218,214,218,"[109.0, 107.0]"
1v1_images/105.png,194,206,206,"[97.0, 103.0]"
1v1_images/107-2.png,170,306,306,"[85.0, 153.0]"
1v1_images/107.png,264,370,370,"[132.0, 185.0]"
1v1_images/109-2.png,146,176,176,"[73.0, 88.0]"
1v1_images/109.png,208,234,234,"[104.0, 117.0]"
1v1_images/10.png,1080,1192,1192,"[540.0, 596.0]"
1v1_images/110.png,126,198,198,"[63.0, 99.0]"
1v1_images/111-2.png,152,176,176,"[76.0, 88.0]"
1v1_images/111.png,152,176,176,"[76.0, 88.0]"
1v1_images/114-2.png,362,350,362,"[181.0, 175.0]"
1v1_images/114-3.png,642,652,652,"[321.0, 326.0]"
1v1_images/114.png,254,244,254,"[127.0, 122.0]"
1v1_images/115-2.png,150,230,230,"[75.0, 115.0]"
1v1_images/115.png,102,170,170,"[51.0, 85.0]"
1v1_images/117.png,154,174,174,"[77.0, 87.0]"
1v1_images/119.png,176,142,176,"[88.0, 71.0]"
1v1_images/121-2.png,836,684,836,"[418.0, 342.0]"
1v1_images/121.png,168,152,168,"[84.0, 76.0]"
1v1_images/125.png,234,332,332,"[117.0, 166.0]"
1v1_images/126.png,400,188,400,"[200.0, 94.0]"
1v1_images/127.png,268,250,268,"[134.0, 125.0]"
1v1_images/128.png,120,208,208,"[60.0, 104.0]"
1v1_images/12.png,198,228,228,"[99.0, 114.0]"
1v1_images/131.png,182,190,190,"[91.0, 95.0]"
1v1_images/132-2.png,400,292,400,"[200.0, 146.0]"
1v1_images/132-3.png,852,562,852,"[426.0, 281.0]"
1v1_images/132.png,256,214,256,"[128.0, 107.0]"
1v1_images/136.png,146,160,160,"[73.0, 80.0]"
1v1_images/137-2.png,142,190,190,"[71.0, 95.0]"
1v1_images/137-3.png,254,248,254,"[127.0, 124.0]"
1v1_images/137.png,196,190,196,"[98.0, 95.0]"
1v1_images/138-2.png,156,190,190,"[78.0, 95.0]"
1v1_images/138.png,1006,1134,1134,"[503.0, 567.0]"
1v1_images/139-2.png,174,162,174,"[87.0, 81.0]"
1v1_images/139-3.png,450,382,450,"[225.0, 191.0]"
1v1_images/139.png,230,190,230,"[115.0, 95.0]"
1v1_images/13.png,190,186,190,"[95.0, 93.0]"
1v1_images/140.png,208,150,208,"[104.0, 75.0]"
1v1_images/142-2.png,410,524,524,"[205.0, 262.0]"
1v1_images/142.png,122,150,150,"[61.0, 75.0]"
1v1_images/144-2.png,638,710,710,"[319.0, 355.0]"
1v1_images/144.png,232,208,232,"[116.0, 104.0]"
1v1_images/145-2.png,126,202,202,"[63.0, 101.0]"
1v1_images/145.png,106,180,180,"[53.0, 90.0]"
1v1_images/148.png,1090,980,1090,"[545.0, 490.0]"
1v1_images/14.png,848,1036,1036,"[424.0, 518.0]"
1v1_images/150.png,184,180,184,"[92.0, 90.0]"
1v1_images/156-2.png,136,152,152,"[68.0, 76.0]"
1v1_images/156.png,202,212,212,"[101.0, 106.0]"
1v1_images/164-2.png,850,898,898,"[425.0, 449.0]"
1v1_images/164.png,214,256,256,"[107.0, 128.0]"
1v1_images/165.png,122,168,168,"[61.0, 84.0]"
1v1_images/167-2.png,94,138,138,"[47.0, 69.0]"
1v1_images/167.png,166,220,220,"[83.0, 110.0]"
1v1_images/168-2.png,224,302,302,"[112.0, 151.0]"
1v1_images/168.png,180,238,238,"[90.0, 119.0]"
1v1_images/16.png,344,568,568,"[172.0, 284.0]"
1v1_images/170-2.png,246,290,290,"[123.0, 145.0]"
1v1_images/170.png,170,272,272,"[85.0, 136.0]"
1v1_images/171-2.png,236,336,336,"[118.0, 168.0]"
1v1_images/171.png,186,254,254,"[93.0, 127.0]"
1v1_images/172-2.png,194,192,194,"[97.0, 96.0]"
1v1_images/172-3.png,402,448,448,"[201.0, 224.0]"
1v1_images/172.png,164,166,166,"[82.0, 83.0]"
1v1_images/173.png,194,194,194,"[97.0, 97.0]"
1v1_images/175.png,116,140,140,"[58.0, 70.0]"
1v1_images/176-2.png,172,192,192,"[86.0, 96.0]"
1v1_images/176-3.png,280,242,280,"[140.0, 121.0]"
1v1_images/176.png,230,218,230,"[115.0, 109.0]"
1v1_images/177-2.png,1168,980,1168,"[584.0, 490.0]"
1v1_images/177.png,154,188,188,"[77.0, 94.0]"
1v1_images/178-2.png,122,158,158,"[61.0, 79.0]"
1v1_images/178-3.png,316,608,608,"[158.0, 304.0]"
1v1_images/178.png,122,170,170,"[61.0, 85.0]"
1v1_images/179-2.png,160,230,230,"[80.0, 115.0]"
1v1_images/179.png,128,178,178,"[64.0, 89.0]"
1v1_images/17.png,660,754,754,"[330.0, 377.0]"
1v1_images/180-2.png,136,150,150,"[68.0, 75.0]"
1v1_images/180.png,182,200,200,"[91.0, 100.0]"
1v1_images/181.png,172,178,178,"[86.0, 89.0]"
1v1_images/182-2.png,152,178,178,"[76.0, 89.0]"
1v1_images/182.png,104,176,176,"[52.0, 88.0]"
1v1_images/183-2.png,88,134,134,"[44.0, 67.0]"
1v1_images/183-3.png,348,534,534,"[174.0, 267.0]"
1v1_images/183-4.png,498,856,856,"[249.0, 428.0]"
1v1_images/183.png,108,180,180,"[54.0, 90.0]"
1v1_images/184-2.png,160,142,160,"[80.0, 71.0]"
1v1_images/184-3.png,574,442,574,"[287.0, 221.0]"
1v1_images/184.png,160,142,160,"[80.0, 71.0]"
1v1_images/185-2.png,206,186,206,"[103.0, 93.0]"
1v1_images/185-3.png,538,532,538,"[269.0, 266.0]"
1v1_images/185.png,174,166,174,"[87.0, 83.0]"
1v1_images/188-2.png,624,846,846,"[312.0, 423.0]"
1v1_images/188.png,178,248,248,"[89.0, 124.0]"
1v1_images/18.png,188,214,214,"[94.0, 107.0]"
1v1_images/190.png,140,148,148,"[70.0, 74.0]"
1v1_images/191-2.png,154,172,172,"[77.0, 86.0]"
1v1_images/191-3.png,206,354,354,"[103.0, 177.0]"
1v1_images/191.png,140,194,194,"[70.0, 97.0]"
1v1_images/192-2.png,164,194,194,"[82.0, 97.0]"
1v1_images/192-3.png,346,442,442,"[173.0, 221.0]"
1v1_images/192.png,164,194,194,"[82.0, 97.0]"
1v1_images/193.png,198,302,302,"[99.0, 151.0]"
1v1_images/194.png,168,188,188,"[84.0, 94.0]"
1v1_images/196.png,168,214,214,"[84.0, 107.0]"
1v1_images/197-2.png,262,346,346,"[131.0, 173.0]"
1v1_images/197-3.png,714,918,918,"[357.0, 459.0]"
1v1_images/197.png,140,178,178,"[70.0, 89.0]"
1v1_images/198-2.png,294,342,342,"[147.0, 171.0]"
1v1_images/198.png,210,238,238,"[105.0, 119.0]"
1v1_images/1.png,124,188,188,"[62.0, 94.0]"
1v1_images/201.png,144,204,204,"[72.0, 102.0]"
1v1_images/202.png,144,204,204,"[72.0, 102.0]"
1v1_images/204-2.png,1184,1062,1184,"[592.0, 531.0]"
1v1_images/204.png,326,236,326,"[163.0, 118.0]"
1v1_images/205-2.png,142,224,224,"[71.0, 112.0]"
1v1_images/205.png,128,186,186,"[64.0, 93.0]"
1v1_images/206-2.png,800,890,890,"[400.0, 445.0]"
1v1_images/206.png,186,212,212,"[93.0, 106.0]"
1v1_images/207-2.png,272,328,328,"[136.0, 164.0]"
1v1_images/207.png,150,168,168,"[75.0, 84.0]"
1v1_images/208.png,150,198,198,"[75.0, 99.0]"
1v1_images/210-2.png,178,164,178,"[89.0, 82.0]"
1v1_images/210.png,138,170,170,"[69.0, 85.0]"
1v1_images/212.png,142,178,178,"[71.0, 89.0]"
1v1_images/213-2.png,128,162,162,"[64.0, 81.0]"
1v1_images/213.png,142,178,178,"[71.0, 89.0]"
1v1_images/217.png,810,958,958,"[405.0, 479.0]"
1v1_images/222-2.png,160,216,216,"[80.0, 108.0]"
1v1_images/222-3.png,202,308,308,"[101.0, 154.0]"
1v1_images/222.png,176,200,200,"[88.0, 100.0]"
1v1_images/226.png,308,378,378,"[154.0, 189.0]"
1v1_images/227.png,208,258,258,"[104.0, 129.0]"
1v1_images/228-2.png,120,154,154,"[60.0, 77.0]"
1v1_images/228.png,134,164,164,"[67.0, 82.0]"
1v1_images/230.png,150,204,204,"[75.0, 102.0]"
1v1_images/231-2.png,386,116,386,"[193.0, 58.0]"
1v1_images/231-3.png,1472,468,1472,"[736.0, 234.0]"
1v1_images/231.png,276,116,276,"[138.0, 58.0]"
1v1_images/232.png,406,382,406,"[203.0, 191.0]"
1v1_images/234.png,146,212,212,"[73.0, 106.0]"
1v1_images/235-2.png,760,830,830,"[380.0, 415.0]"
1v1_images/235-3.png,554,486,554,"[277.0, 243.0]"
1v1_images/235.png,184,162,184,"[92.0, 81.0]"
1v1_images/236-2.png,270,202,270,"[135.0, 101.0]"
1v1_images/236.png,184,188,188,"[92.0, 94.0]"
1v1_images/237-2.png,340,140,340,"[170.0, 70.0]"
1v1_images/237-3.png,778,300,778,"[389.0, 150.0]"
1v1_images/237-4.png,340,172,340,"[170.0, 86.0]"
1v1_images/237.png,194,136,194,"[97.0, 68.0]"
1v1_images/238.png,166,178,178,"[83.0, 89.0]"
1v1_images/239-2.png,732,886,886,"[366.0, 443.0]"
1v1_images/239.png,166,178,178,"[83.0, 89.0]"
1v1_images/240-2.png,252,486,486,"[126.0, 243.0]"
1v1_images/240.png,110,232,232,"[55.0, 116.0]"
1v1_images/242-2.png,162,184,184,"[81.0, 92.0]"
1v1_images/242.png,196,188,196,"[98.0, 94.0]"
1v1_images/243-2.png,166,278,278,"[83.0, 139.0]"
1v1_images/243.png,142,158,158,"[71.0, 79.0]"
1v1_images/244-2.png,262,210,262,"[131.0, 105.0]"
1v1_images/244.png,216,128,216,"[108.0, 64.0]"
1v1_images/245-2.png,422,510,510,"[211.0, 255.0]"
1v1_images/245.png,362,590,590,"[181.0, 295.0]"
1v1_images/246-2.png,148,182,182,"[74.0, 91.0]"
1v1_images/246.png,156,210,210,"[78.0, 105.0]"
1v1_images/247.png,136,204,204,"[68.0, 102.0]"
1v1_images/248-2.png,128,186,186,"[64.0, 93.0]"
1v1_images/248.png,126,164,164,"[63.0, 82.0]"
1v1_images/249.png,196,252,252,"[98.0, 126.0]"
1v1_images/251-2.png,548,538,548,"[274.0, 269.0]"
1v1_images/251.png,182,190,190,"[91.0, 95.0]"
1v1_images/252.png,250,256,256,"[125.0, 128.0]"
1v1_images/253-2.png,184,168,184,"[92.0, 84.0]"
1v1_images/253.png,118,138,138,"[59.0, 69.0]"
1v1_images/254.png,596,760,760,"[298.0, 380.0]"
1v1_images/255-2.png,168,150,168,"[84.0, 75.0]"
1v1_images/255.png,198,196,198,"[99.0, 98.0]"
1v1_images/256.png,210,152,210,"[105.0, 76.0]"
1v1_images/257-2.png,148,204,204,"[74.0, 102.0]"
1v1_images/257.png,130,168,168,"[65.0, 84.0]"
1v1_images/258.png,152,216,216,"[76.0, 108.0]"
1v1_images/25.png,282,428,428,"[141.0, 214.0]"
1v1_images/261-2.png,342,516,516,"[171.0, 258.0]"
1v1_images/261.png,126,162,162,"[63.0, 81.0]"
1v1_images/262-2.png,120,156,156,"[60.0, 78.0]"
1v1_images/262-3.png,180,280,280,"[90.0, 140.0]"
1v1_images/262.png,768,1068,1068,"[384.0, 534.0]"
1v1_images/263-2.png,156,198,198,"[78.0, 99.0]"
1v1_images/263-3.png,130,176,176,"[65.0, 88.0]"
1v1_images/263.png,438,476,476,"[219.0, 238.0]"
1v1_images/264.png,136,184,184,"[68.0, 92.0]"
1v1_images/267-2.png,172,214,214,"[86.0, 107.0]"
1v1_images/267.png,136,184,184,"[68.0, 92.0]"
1v1_images/268.png,224,184,224,"[112.0, 92.0]"
1v1_images/26.png,730,678,730,"[365.0, 339.0]"
1v1_images/272.png,170,212,212,"[85.0, 106.0]"
1v1_images/274.png,144,188,188,"[72.0, 94.0]"
1v1_images/278-2.png,90,140,140,"[45.0, 70.0]"
1v1_images/278.png,108,138,138,"[54.0, 69.0]"
1v1_images/279.png,124,174,174,"[62.0, 87.0]"
1v1_images/280.png,116,136,136,"[58.0, 68.0]"
1v1_images/282.png,140,172,172,"[70.0, 86.0]"
1v1_images/283-2.png,168,150,168,"[84.0, 75.0]"
1v1_images/283.png,184,170,184,"[92.0, 85.0]"
1v1_images/284.png,148,176,176,"[74.0, 88.0]"
1v1_images/286.png,134,166,166,"[67.0, 83.0]"
1v1_images/287-2.png,134,166,166,"[67.0, 83.0]"
1v1_images/287-3.png,230,240,240,"[115.0, 120.0]"
1v1_images/287.png,902,848,902,"[451.0, 424.0]"
1v1_images/289.png,172,216,216,"[86.0, 108.0]"
1v1_images/290-2.png,102,182,182,"[51.0, 91.0]"
1v1_images/290.png,166,206,206,"[83.0, 103.0]"
1v1_images/294.png,114,196,196,"[57.0, 98.0]"
1v1_images/295-2.png,746,662,746,"[373.0, 331.0]"
1v1_images/295-3.png,276,236,276,"[138.0, 118.0]"
1v1_images/295-4.png,198,192,198,"[99.0, 96.0]"
1v1_images/295.png,1238,1130,1238,"[619.0, 565.0]"
1v1_images/296-2.png,88,162,162,"[44.0, 81.0]"
1v1_images/296.png,140,226,226,"[70.0, 113.0]"
1v1_images/29.png,860,738,860,"[430.0, 369.0]"
1v1_images/2.png,132,184,184,"[66.0, 92.0]"
1v1_images/305-2.png,192,244,244,"[96.0, 122.0]"
1v1_images/305.png,188,208,208,"[94.0, 104.0]"
1v1_images/307.png,196,212,212,"[98.0, 106.0]"
1v1_images/308.png,282,194,282,"[141.0, 97.0]"
1v1_images/309-2.png,154,178,178,"[77.0, 89.0]"
1v1_images/309-3.png,384,398,398,"[192.0, 199.0]"
1v1_images/309.png,160,184,184,"[80.0, 92.0]"
1v1_images/30.png,514,516,516,"[257.0, 258.0]"
1v1_images/310-2.png,398,392,398,"[199.0, 196.0]"
1v1_images/310.png,452,394,452,"[226.0, 197.0]"
1v1_images/311.png,296,286,296,"[148.0, 143.0]"
1v1_images/312.png,154,188,188,"[77.0, 94.0]"
1v1_images/313-2.png,166,138,166,"[83.0, 69.0]"
1v1_images/313-3.png,592,318,592,"[296.0, 159.0]"
1v1_images/313-4.png,486,416,486,"[243.0, 208.0]"
1v1_images/313-5.png,668,600,668,"[334.0, 300.0]"
1v1_images/313.png,240,174,240,"[120.0, 87.0]"
1v1_images/315.png,142,170,170,"[71.0, 85.0]"
1v1_images/316.png,194,192,194,"[97.0, 96.0]"
1v1_images/317-2.png,382,406,406,"[191.0, 203.0]"
1v1_images/317.png,142,216,216,"[71.0, 108.0]"
1v1_images/318-2.png,720,478,720,"[360.0, 239.0]"
1v1_images/318-3.png,1370,850,1370,"[685.0, 425.0]"
1v1_images/318.png,204,166,204,"[102.0, 83.0]"
1v1_images/323-2.png,118,164,164,"[59.0, 82.0]"
1v1_images/323-3.png,120,176,176,"[60.0, 88.0]"
1v1_images/323.png,436,520,520,"[218.0, 260.0]"
1v1_images/324-2.png,178,202,202,"[89.0, 101.0]"
1v1_images/324-3.png,372,454,454,"[186.0, 227.0]"
1v1_images/324-4.png,146,162,162,"[73.0, 81.0]"
1v1_images/324.png,974,1246,1246,"[487.0, 623.0]"
1v1_images/325-2.png,194,204,204,"[97.0, 102.0]"
1v1_images/325.png,1570,994,1570,"[785.0, 497.0]"
1v1_images/326-2.png,124,200,200,"[62.0, 100.0]"
1v1_images/326.png,104,140,140,"[52.0, 70.0]"
1v1_images/327.png,158,186,186,"[79.0, 93.0]"
1v1_images/32.png,536,900,900,"[268.0, 450.0]"
1v1_images/330-2.png,238,280,280,"[119.0, 140.0]"
1v1_images/330-3.png,154,204,204,"[77.0, 102.0]"
1v1_images/330.png,488,630,630,"[244.0, 315.0]"
1v1_images/331.png,206,172,206,"[103.0, 86.0]"
1v1_images/332.png,206,146,206,"[103.0, 73.0]"
1v1_images/333-2.png,146,160,160,"[73.0, 80.0]"
1v1_images/333.png,120,182,182,"[60.0, 91.0]"
1v1_images/335-2.png,158,204,204,"[79.0, 102.0]"
1v1_images/335.png,158,204,204,"[79.0, 102.0]"
1v1_images/336-2.png,178,176,178,"[89.0, 88.0]"
1v1_images/336.png,168,214,214,"[84.0, 107.0]"
1v1_images/337-2.png,152,206,206,"[76.0, 103.0]"
1v1_images/337.png,152,206,206,"[76.0, 103.0]"
1v1_images/33.png,160,210,210,"[80.0, 105.0]"
1v1_images/341.png,152,206,206,"[76.0, 103.0]"
1v1_images/343-2.png,140,176,176,"[70.0, 88.0]"
1v1_images/343.png,148,166,166,"[74.0, 83.0]"
1v1_images/344-2.png,248,306,306,"[124.0, 153.0]"
1v1_images/344.png,128,206,206,"[64.0, 103.0]"
1v1_images/345-2.png,460,854,854,"[230.0, 427.0]"
1v1_images/345.png,126,156,156,"[63.0, 78.0]"
1v1_images/346.png,154,238,238,"[77.0, 119.0]"
1v1_images/348.png,174,208,208,"[87.0, 104.0]"
1v1_images/349-2.png,702,1008,1008,"[351.0, 504.0]"
1v1_images/349.png,154,214,214,"[77.0, 107.0]"
1v1_images/34.png,328,344,344,"[164.0, 172.0]"
1v1_images/351-2.png,172,174,174,"[86.0, 87.0]"
1v1_images/351.png,172,186,186,"[86.0, 93.0]"
1v1_images/354-2.png,198,206,206,"[99.0, 103.0]"
1v1_images/354.png,198,206,206,"[99.0, 103.0]"
1v1_images/356-2.png,288,338,338,"[144.0, 169.0]"
1v1_images/356-3.png,620,814,814,"[310.0, 407.0]"
1v1_images/356-4.png,594,792,792,"[297.0, 396.0]"
1v1_images/356.png,136,196,196,"[68.0, 98.0]"
1v1_images/357-2.png,130,156,156,"[65.0, 78.0]"
1v1_images/357-3.png,578,766,766,"[289.0, 383.0]"
1v1_images/357.png,130,174,174,"[65.0, 87.0]"
1v1_images/358-2.png,98,138,138,"[49.0, 69.0]"
1v1_images/358.png,184,188,188,"[92.0, 94.0]"
1v1_images/359-2.png,108,100,108,"[54.0, 50.0]"
1v1_images/359-3.png,132,150,150,"[66.0, 75.0]"
1v1_images/359.png,482,570,570,"[241.0, 285.0]"
1v1_images/35.png,78,110,110,"[39.0, 55.0]"
1v1_images/360-2.png,132,150,150,"[66.0, 75.0]"
1v1_images/360.png,156,182,182,"[78.0, 91.0]"
1v1_images/361-2.png,166,186,186,"[83.0, 93.0]"
1v1_images/361-3.png,144,186,186,"[72.0, 93.0]"
1v1_images/361.png,450,592,592,"[225.0, 296.0]"
1v1_images/362-2.png,222,326,326,"[111.0, 163.0]"
1v1_images/362-3.png,178,198,198,"[89.0, 99.0]"
1v1_images/362.png,538,596,596,"[269.0, 298.0]"
1v1_images/364-2.png,186,230,230,"[93.0, 115.0]"
1v1_images/364.png,622,988,988,"[311.0, 494.0]"
1v1_images/367-2.png,178,194,194,"[89.0, 97.0]"
1v1_images/367.png,1148,866,1148,"[574.0, 433.0]"
1v1_images/373-2.png,130,152,152,"[65.0, 76.0]"
1v1_images/373.png,150,190,190,"[75.0, 95.0]"
1v1_images/375-2.png,100,158,158,"[50.0, 79.0]"
1v1_images/375-3.png,322,452,452,"[161.0, 226.0]"
1v1_images/375.png,100,158,158,"[50.0, 79.0]"
1v1_images/377-2.png,720,864,864,"[360.0, 432.0]"
1v1_images/377.png,204,216,216,"[102.0, 108.0]"
1v1_images/378-2.png,630,816,816,"[315.0, 408.0]"
1v1_images/378-3.png,412,390,412,"[206.0, 195.0]"
1v1_images/378.png,260,212,260,"[130.0, 106.0]"
1v1_images/37.png,596,470,596,"[298.0, 235.0]"
1v1_images/380-2.png,272,280,280,"[136.0, 140.0]"
1v1_images/380.png,128,200,200,"[64.0, 100.0]"
1v1_images/381-2.png,122,202,202,"[61.0, 101.0]"
1v1_images/381-3.png,452,656,656,"[226.0, 328.0]"
1v1_images/381.png,132,180,180,"[66.0, 90.0]"
1v1_images/382-2.png,132,166,166,"[66.0, 83.0]"
1v1_images/382.png,150,212,212,"[75.0, 106.0]"
1v1_images/383.png,132,188,188,"[66.0, 94.0]"
1v1_images/384-2.png,226,276,276,"[113.0, 138.0]"
1v1_images/384-3.png,394,602,602,"[197.0, 301.0]"
1v1_images/384.png,182,210,210,"[91.0, 105.0]"
1v1_images/385-2.png,194,328,328,"[97.0, 164.0]"
1v1_images/385.png,172,228,228,"[86.0, 114.0]"
1v1_images/386-2.png,246,294,294,"[123.0, 147.0]"
1v1_images/386-3.png,344,344,344,"[172.0, 172.0]"
1v1_images/386.png,178,186,186,"[89.0, 93.0]"
1v1_images/388.png,128,194,194,"[64.0, 97.0]"
1v1_images/38.png,442,658,658,"[221.0, 329.0]"
1v1_images/390-2.png,202,278,278,"[101.0, 139.0]"
1v1_images/390-3.png,316,342,342,"[158.0, 171.0]"
1v1_images/390-4.png,350,612,612,"[175.0, 306.0]"
1v1_images/390-5.png,976,1146,1146,"[488.0, 573.0]"
1v1_images/390.png,128,194,194,"[64.0, 97.0]"
1v1_images/393-2.png,216,334,334,"[108.0, 167.0]"
1v1_images/393-3.png,464,694,694,"[232.0, 347.0]"
1v1_images/393.png,170,198,198,"[85.0, 99.0]"
1v1_images/395-2.png,214,236,236,"[107.0, 118.0]"
1v1_images/395.png,158,168,168,"[79.0, 84.0]"
1v1_images/397.png,170,204,204,"[85.0, 102.0]"
1v1_images/39.png,196,260,260,"[98.0, 130.0]"
1v1_images/3.png,164,210,210,"[82.0, 105.0]"
1v1_images/400-2.png,170,254,254,"[85.0, 127.0]"
1v1_images/400.png,170,224,224,"[85.0, 112.0]"
1v1_images/406-2.png,154,254,254,"[77.0, 127.0]"
1v1_images/406-3.png,154,254,254,"[77.0, 127.0]"
1v1_images/406.png,394,658,658,"[197.0, 329.0]"
1v1_images/409-2.png,282,260,282,"[141.0, 130.0]"
1v1_images/409-3.png,834,632,834,"[417.0, 316.0]"
1v1_images/409.png,228,196,228,"[114.0, 98.0]"
1v1_images/40.png,124,170,170,"[62.0, 85.0]"
1v1_images/410-2.png,138,186,186,"[69.0, 93.0]"
1v1_images/410.png,162,214,214,"[81.0, 107.0]"
1v1_images/412-2.png,114,150,150,"[57.0, 75.0]"
1v1_images/412.png,156,222,222,"[78.0, 111.0]"
1v1_images/413-2.png,336,320,336,"[168.0, 160.0]"
1v1_images/413.png,310,246,310,"[155.0, 123.0]"
1v1_images/414-2.png,476,842,842,"[238.0, 421.0]"
1v1_images/414.png,126,178,178,"[63.0, 89.0]"
1v1_images/415.png,132,144,144,"[66.0, 72.0]"
1v1_images/416-2.png,172,202,202,"[86.0, 101.0]"
1v1_images/416-3.png,304,290,304,"[152.0, 145.0]"
1v1_images/416.png,186,232,232,"[93.0, 116.0]"
1v1_images/418-2.png,160,220,220,"[80.0, 110.0]"
1v1_images/418.png,152,190,190,"[76.0, 95.0]"
1v1_images/419-2.png,296,504,504,"[148.0, 252.0]"
1v1_images/419.png,136,200,200,"[68.0, 100.0]"
1v1_images/41.png,527,589,589,"[263.5, 294.5]"
1v1_images/421-2.png,178,158,178,"[89.0, 79.0]"
1v1_images/421-3.png,590,618,618,"[295.0, 309.0]"
1v1_images/421.png,178,158,178,"[89.0, 79.0]"
1v1_images/425.png,116,152,152,"[58.0, 76.0]"
1v1_images/428-2.png,210,260,260,"[105.0, 130.0]"
1v1_images/428.png,162,184,184,"[81.0, 92.0]"
1v1_images/429.png,168,204,204,"[84.0, 102.0]"
1v1_images/431-2.png,220,266,266,"[110.0, 133.0]"
1v1_images/431-3.png,450,580,580,"[225.0, 290.0]"
1v1_images/431.png,222,246,246,"[111.0, 123.0]"
1v1_images/434-2.png,194,222,222,"[97.0, 111.0]"
1v1_images/434-3.png,458,632,632,"[229.0, 316.0]"
1v1_images/434.png,152,204,204,"[76.0, 102.0]"
1v1_images/435-2.png,128,202,202,"[64.0, 101.0]"
1v1_images/435.png,438,594,594,"[219.0, 297.0]"
1v1_images/436-2.png,116,196,196,"[58.0, 98.0]"
1v1_images/436.png,122,192,192,"[61.0, 96.0]"
1v1_images/437-2.png,172,178,178,"[86.0, 89.0]"
1v1_images/437-3.png,1358,884,1358,"[679.0, 442.0]"
1v1_images/437-4.png,506,694,694,"[253.0, 347.0]"
1v1_images/437.png,140,178,178,"[70.0, 89.0]"
1v1_images/438-2.png,876,880,880,"[438.0, 440.0]"
1v1_images/438-3.png,194,216,216,"[97.0, 108.0]"
1v1_images/438.png,912,932,932,"[456.0, 466.0]"
1v1_images/439.png,138,206,206,"[69.0, 103.0]"
1v1_images/43.png,142,212,212,"[71.0, 106.0]"
1v1_images/440-2.png,906,612,906,"[453.0, 306.0]"
1v1_images/440.png,300,236,300,"[150.0, 118.0]"
1v1_images/441-2.png,188,140,188,"[94.0, 70.0]"
1v1_images/441-3.png,210,182,210,"[105.0, 91.0]"
1v1_images/441.png,442,404,442,"[221.0, 202.0]"
1v1_images/444-2.png,166,180,180,"[83.0, 90.0]"
1v1_images/444-3.png,498,382,498,"[249.0, 191.0]"
1v1_images/444.png,196,232,232,"[98.0, 116.0]"
1v1_images/445-2.png,220,304,304,"[110.0, 152.0]"
1v1_images/445-3.png,408,564,564,"[204.0, 282.0]"
1v1_images/445.png,166,234,234,"[83.0, 117.0]"
1v1_images/446-2.png,162,222,222,"[81.0, 111.0]"
1v1_images/446.png,708,658,708,"[354.0, 329.0]"
1v1_images/447-2.png,150,212,212,"[75.0, 106.0]"
1v1_images/447.png,142,176,176,"[71.0, 88.0]"
1v1_images/448.png,148,186,186,"[74.0, 93.0]"
1v1_images/449-2.png,190,206,206,"[95.0, 103.0]"
1v1_images/449.png,178,244,244,"[89.0, 122.0]"
1v1_images/450.png,190,206,206,"[95.0, 103.0]"
1v1_images/451.png,190,206,206,"[95.0, 103.0]"
1v1_images/453-2.png,308,258,308,"[154.0, 129.0]"
1v1_images/453-3.png,624,744,744,"[312.0, 372.0]"
1v1_images/453.png,172,218,218,"[86.0, 109.0]"
1v1_images/454-2.png,308,280,308,"[154.0, 140.0]"
1v1_images/454-3.png,964,722,964,"[482.0, 361.0]"
1v1_images/454.png,216,188,216,"[108.0, 94.0]"
1v1_images/455-2.png,194,208,208,"[97.0, 104.0]"
1v1_images/455-3.png,270,226,270,"[135.0, 113.0]"
1v1_images/455.png,194,196,196,"[97.0, 98.0]"
1v1_images/456.png,134,194,194,"[67.0, 97.0]"
1v1_images/457-2.png,134,194,194,"[67.0, 97.0]"
1v1_images/457-3.png,916,1352,1352,"[458.0, 676.0]"
1v1_images/457.png,134,194,194,"[67.0, 97.0]"
1v1_images/458.png,116,216,216,"[58.0, 108.0]"
1v1_images/459-2.png,116,190,190,"[58.0, 95.0]"
1v1_images/459-3.png,292,368,368,"[146.0, 184.0]"
1v1_images/459.png,144,204,204,"[72.0, 102.0]"
1v1_images/460-2.png,162,318,318,"[81.0, 159.0]"
1v1_images/460-3.png,354,838,838,"[177.0, 419.0]"
1v1_images/460.png,144,214,214,"[72.0, 107.0]"
1v1_images/461.png,166,226,226,"[83.0, 113.0]"
1v1_images/462-2.png,116,150,150,"[58.0, 75.0]"
1v1_images/462.png,166,226,226,"[83.0, 113.0]"
1v1_images/463-2.png,100,142,142,"[50.0, 71.0]"
1v1_images/463-3.png,374,490,490,"[187.0, 245.0]"
1v1_images/463-4.png,492,740,740,"[246.0, 370.0]"
1v1_images/463-5.png,180,326,326,"[90.0, 163.0]"
1v1_images/463.png,156,200,200,"[78.0, 100.0]"
1v1_images/464-2.png,134,194,194,"[67.0, 97.0]"
1v1_images/464.png,126,208,208,"[63.0, 104.0]"
1v1_images/465.png,134,194,194,"[67.0, 97.0]"
1v1_images/468-2.png,180,224,224,"[90.0, 112.0]"
1v1_images/468.png,134,194,194,"[67.0, 97.0]"
1v1_images/46.png,198,234,234,"[99.0, 117.0]"
1v1_images/470-2.png,540,390,540,"[270.0, 195.0]"
1v1_images/470.png,220,162,220,"[110.0, 81.0]"
1v1_images/473-2.png,298,356,356,"[149.0, 178.0]"
1v1_images/473.png,160,182,182,"[80.0, 91.0]"
1v1_images/474-2.png,100,144,144,"[50.0, 72.0]"
1v1_images/474.png,156,204,204,"[78.0, 102.0]"
1v1_images/475.png,162,196,196,"[81.0, 98.0]"
1v1_images/476-2.png,988,1064,1064,"[494.0, 532.0]"
1v1_images/476.png,126,182,182,"[63.0, 91.0]"
1v1_images/477-2.png,294,420,420,"[147.0, 210.0]"
1v1_images/477-3.png,446,976,976,"[223.0, 488.0]"
1v1_images/477.png,532,704,704,"[266.0, 352.0]"
1v1_images/479-2.png,176,208,208,"[88.0, 104.0]"
1v1_images/479-3.png,432,446,446,"[216.0, 223.0]"
1v1_images/479.png,126,142,142,"[63.0, 71.0]"
1v1_images/481-2.png,162,198,198,"[81.0, 99.0]"
1v1_images/481.png,162,198,198,"[81.0, 99.0]"
1v1_images/482-2.png,154,214,214,"[77.0, 107.0]"
1v1_images/482-3.png,572,378,572,"[286.0, 189.0]"
1v1_images/482-4.png,748,512,748,"[374.0, 256.0]"
1v1_images/482.png,124,180,180,"[62.0, 90.0]"
1v1_images/483-2.png,242,198,242,"[121.0, 99.0]"
1v1_images/483-3.png,598,474,598,"[299.0, 237.0]"
1v1_images/483.png,228,180,228,"[114.0, 90.0]"
1v1_images/484-2.png,190,250,250,"[95.0, 125.0]"
1v1_images/484.png,118,176,176,"[59.0, 88.0]"
1v1_images/485-2.png,154,210,210,"[77.0, 105.0]"
1v1_images/485.png,142,196,196,"[71.0, 98.0]"
1v1_images/486-2.png,158,216,216,"[79.0, 108.0]"
1v1_images/486-3.png,234,316,316,"[117.0, 158.0]"
1v1_images/486.png,154,210,210,"[77.0, 105.0]"
1v1_images/487-2.png,208,270,270,"[104.0, 135.0]"
1v1_images/487.png,172,190,190,"[86.0, 95.0]"
1v1_images/490-2.png,344,418,418,"[172.0, 209.0]"
1v1_images/490-3.png,1044,1010,1044,"[522.0, 505.0]"
1v1_images/490-4.png,430,710,710,"[215.0, 355.0]"
1v1_images/490-5.png,190,228,228,"[95.0, 114.0]"
1v1_images/490.png,138,140,140,"[69.0, 70.0]"
1v1_images/492.png,226,254,254,"[113.0, 127.0]"
1v1_images/493.png,168,244,244,"[84.0, 122.0]"
1v1_images/494-2.png,864,692,864,"[432.0, 346.0]"
1v1_images/494-3.png,336,240,336,"[168.0, 120.0]"
1v1_images/494.png,962,752,962,"[481.0, 376.0]"
1v1_images/496.png,156,156,156,"[78.0, 78.0]"
1v1_images/497-2.png,184,228,228,"[92.0, 114.0]"
1v1_images/497.png,120,192,192,"[60.0, 96.0]"
1v1_images/498-2.png,246,228,246,"[123.0, 114.0]"
1v1_images/498-3.png,740,966,966,"[370.0, 483.0]"
1v1_images/498.png,156,174,174,"[78.0, 87.0]"
1v1_images/49.png,192,250,250,"[96.0, 125.0]"
1v1_images/500-2.png,180,236,236,"[90.0, 118.0]"
1v1_images/500.png,144,188,188,"[72.0, 94.0]"
1v1_images/501.png,136,154,154,"[68.0, 77.0]"
1v1_images/502-2.png,160,340,340,"[80.0, 170.0]"
1v1_images/502-3.png,1112,1500,1500,"[556.0, 750.0]"
1v1_images/502.png,168,214,214,"[84.0, 107.0]"
1v1_images/503.png,154,190,190,"[77.0, 95.0]"
1v1_images/504-2.png,126,190,190,"[63.0, 95.0]"
1v1_images/504-3.png,190,358,358,"[95.0, 179.0]"
1v1_images/504.png,152,188,188,"[76.0, 94.0]"
1v1_images/505-2.png,96,146,146,"[48.0, 73.0]"
1v1_images/505-3.png,184,206,206,"[92.0, 103.0]"
1v1_images/505.png,150,162,162,"[75.0, 81.0]"
1v1_images/507.png,194,244,244,"[97.0, 122.0]"
1v1_images/508-2.png,158,160,160,"[79.0, 80.0]"
1v1_images/508.png,202,226,226,"[101.0, 113.0]"
1v1_images/509.png,476,578,578,"[238.0, 289.0]"
1v1_images/510.png,184,234,234,"[92.0, 117.0]"
1v1_images/517-2.png,90,118,118,"[45.0, 59.0]"
1v1_images/517-3.png,236,380,380,"[118.0, 190.0]"
1v1_images/517.png,160,190,190,"[80.0, 95.0]"
1v1_images/518.png,122,184,184,"[61.0, 92.0]"
1v1_images/519-2.png,224,306,306,"[112.0, 153.0]"
1v1_images/519.png,94,156,156,"[47.0, 78.0]"
1v1_images/51.png,166,190,190,"[83.0, 95.0]"
1v1_images/521-2.png,126,214,214,"[63.0, 107.0]"
1v1_images/521.png,234,296,296,"[117.0, 148.0]"
1v1_images/522-2.png,208,228,228,"[104.0, 114.0]"
1v1_images/522-3.png,530,700,700,"[265.0, 350.0]"
1v1_images/522.png,148,170,170,"[74.0, 85.0]"
1v1_images/525-2.png,130,212,212,"[65.0, 106.0]"
1v1_images/525-3.png,300,390,390,"[150.0, 195.0]"
1v1_images/525.png,106,186,186,"[53.0, 93.0]"
1v1_images/527.png,144,208,208,"[72.0, 104.0]"
1v1_images/533-2.png,154,192,192,"[77.0, 96.0]"
1v1_images/533-3.png,550,554,554,"[275.0, 277.0]"
1v1_images/533.png,124,148,148,"[62.0, 74.0]"
1v1_images/534-2.png,166,212,212,"[83.0, 106.0]"
1v1_images/534.png,134,152,152,"[67.0, 76.0]"
1v1_images/536.png,142,234,234,"[71.0, 117.0]"
1v1_images/537-2.png,168,222,222,"[84.0, 111.0]"
1v1_images/537.png,186,224,224,"[93.0, 112.0]"
1v1_images/538-2.png,164,220,220,"[82.0, 110.0]"
1v1_images/538.png,152,228,228,"[76.0, 114.0]"
1v1_images/53.png,168,154,168,"[84.0, 77.0]"
1v1_images/545.png,158,180,180,"[79.0, 90.0]"
1v1_images/57.png,872,836,872,"[436.0, 418.0]"
1v1_images/60.png,116,160,160,"[58.0, 80.0]"
1v1_images/63.png,406,590,590,"[203.0, 295.0]"
1v1_images/64.png,128,178,178,"[64.0, 89.0]"
1v1_images/65.png,1236,1212,1236,"[618.0, 606.0]"
1v1_images/66.png,326,430,430,"[163.0, 215.0]"
1v1_images/67.png,142,172,172,"[71.0, 86.0]"
1v1_images/68.png,168,214,214,"[84.0, 107.0]"
1v1_images/72.png,182,198,198,"[91.0, 99.0]"
1v1_images/73.png,182,198,198,"[91.0, 99.0]"
1v1_images/74.png,112,142,142,"[56.0, 71.0]"
1v1_images/75.png,150,174,174,"[75.0, 87.0]"
1v1_images/76.png,164,262,262,"[82.0, 131.0]"
1v1_images/79.png,380,430,430,"[190.0, 215.0]"
1v1_images/7.png,214,236,236,"[107.0, 118.0]"
1v1_images/80.png,178,206,206,"[89.0, 103.0]"
1v1_images/82.png,154,158,158,"[77.0, 79.0]"
1v1_images/88.png,222,236,236,"[111.0, 118.0]"
1v1_images/90.png,222,236,236,"[111.0, 118.0]"
1v1_images/91.png,240,254,254,"[120.0, 127.0]"
1v1_images/92.png,502,698,698,"[251.0, 349.0]"
1v1_images/94.png,168,156,168,"[84.0, 78.0]"
1v1_images/96.png,244,280,280,"[122.0, 140.0]"
1v1_images/98.png,164,202,202,"[82.0, 101.0]"
1v1_images/99.png,284,238,284,"[142.0, 119.0]"
1v1_images/9.png,160,202,202,"[80.0, 101.0]"
pen_images/combined_data/0.png,216,198,216,"[108.0, 99.0]"
pen_images/combined_data/100.png,162,172,172,"[81.0, 86.0]"
pen_images/combined_data/101.png,162,172,172,"[81.0, 86.0]"
pen_images/combined_data/102.png,176,200,200,"[88.0, 100.0]"
pen_images/combined_data/103.png,144,166,166,"[72.0, 83.0]"
pen_images/combined_data/104.png,250,228,250,"[125.0, 114.0]"
pen_images/combined_data/105.png,318,368,368,"[159.0, 184.0]"
pen_images/combined_data/106.png,158,210,210,"[79.0, 105.0]"
pen_images/combined_data/107.png,338,292,338,"[169.0, 146.0]"
pen_images/combined_data/108.png,650,678,678,"[325.0, 339.0]"
pen_images/combined_data/109.png,574,806,806,"[287.0, 403.0]"
pen_images/combined_data/10.png,178,230,230,"[89.0, 115.0]"
pen_images/combined_data/110.png,224,210,224,"[112.0, 105.0]"
pen_images/combined_data/111.png,140,184,184,"[70.0, 92.0]"
pen_images/combined_data/113.png,162,198,198,"[81.0, 99.0]"
pen_images/combined_data/115.png,312,492,492,"[156.0, 246.0]"
pen_images/combined_data/116.png,166,198,198,"[83.0, 99.0]"
pen_images/combined_data/118.png,960,958,960,"[480.0, 479.0]"
pen_images/combined_data/119.png,150,194,194,"[75.0, 97.0]"
pen_images/combined_data/11.png,366,410,410,"[183.0, 205.0]"
pen_images/combined_data/120.png,282,362,362,"[141.0, 181.0]"
pen_images/combined_data/121.png,280,318,318,"[140.0, 159.0]"
pen_images/combined_data/123.png,304,298,304,"[152.0, 149.0]"
pen_images/combined_data/124.png,338,362,362,"[169.0, 181.0]"
pen_images/combined_data/125.png,260,250,260,"[130.0, 125.0]"
pen_images/combined_data/126.png,158,196,196,"[79.0, 98.0]"
pen_images/combined_data/127.png,338,338,338,"[169.0, 169.0]"
pen_images/combined_data/128.png,142,174,174,"[71.0, 87.0]"
pen_images/combined_data/129.png,218,252,252,"[109.0, 126.0]"
pen_images/combined_data/130.png,304,284,304,"[152.0, 142.0]"
pen_images/combined_data/131.png,268,306,306,"[134.0, 153.0]"
pen_images/combined_data/134.png,142,178,178,"[71.0, 89.0]"
pen_images/combined_data/135.png,184,186,186,"[92.0, 93.0]"
pen_images/combined_data/136.png,350,320,350,"[175.0, 160.0]"
pen_images/combined_data/137.png,194,234,234,"[97.0, 117.0]"
pen_images/combined_data/138.png,178,202,202,"[89.0, 101.0]"
pen_images/combined_data/13.png,174,198,198,"[87.0, 99.0]"
pen_images/combined_data/140.png,194,316,316,"[97.0, 158.0]"
pen_images/combined_data/141.png,150,176,176,"[75.0, 88.0]"
pen_images/combined_data/142.png,278,316,316,"[139.0, 158.0]"
pen_images/combined_data/143.png,178,222,222,"[89.0, 111.0]"
pen_images/combined_data/144.png,184,224,224,"[92.0, 112.0]"
pen_images/combined_data/145.png,138,182,182,"[69.0, 91.0]"
pen_images/combined_data/146.png,248,268,268,"[124.0, 134.0]"
pen_images/combined_data/147.png,264,318,318,"[132.0, 159.0]"
pen_images/combined_data/148.png,286,356,356,"[143.0, 178.0]"
pen_images/combined_data/14.png,326,276,326,"[163.0, 138.0]"
pen_images/combined_data/152.png,242,258,258,"[121.0, 129.0]"
pen_images/combined_data/155.png,386,342,386,"[193.0, 171.0]"
pen_images/combined_data/156.png,598,460,598,"[299.0, 230.0]"
pen_images/combined_data/157.png,474,370,474,"[237.0, 185.0]"
pen_images/combined_data/158.png,320,298,320,"[160.0, 149.0]"
pen_images/combined_data/159.png,250,234,250,"[125.0, 117.0]"
pen_images/combined_data/15.png,200,182,200,"[100.0, 91.0]"
pen_images/combined_data/160.png,138,182,182,"[69.0, 91.0]"
pen_images/combined_data/162.png,334,274,334,"[167.0, 137.0]"
pen_images/combined_data/163.png,930,1096,1096,"[465.0, 548.0]"
pen_images/combined_data/164.png,308,370,370,"[154.0, 185.0]"
pen_images/combined_data/165.png,260,274,274,"[130.0, 137.0]"
pen_images/combined_data/166.png,166,160,166,"[83.0, 80.0]"
pen_images/combined_data/168.png,166,160,166,"[83.0, 80.0]"
pen_images/combined_data/169.png,196,182,196,"[98.0, 91.0]"
pen_images/combined_data/16.png,200,182,200,"[100.0, 91.0]"
pen_images/combined_data/171.png,354,358,358,"[177.0, 179.0]"
pen_images/combined_data/173.png,254,236,254,"[127.0, 118.0]"
pen_images/combined_data/175.png,382,320,382,"[191.0, 160.0]"
pen_images/combined_data/177.png,206,178,206,"[103.0, 89.0]"
pen_images/combined_data/178.png,428,406,428,"[214.0, 203.0]"
pen_images/combined_data/179.png,210,192,210,"[105.0, 96.0]"
pen_images/combined_data/17.png,146,162,162,"[73.0, 81.0]"
pen_images/combined_data/180.png,452,428,452,"[226.0, 214.0]"
pen_images/combined_data/181.png,314,330,330,"[157.0, 165.0]"
pen_images/combined_data/183.png,430,640,640,"[215.0, 320.0]"
pen_images/combined_data/184.png,244,220,244,"[122.0, 110.0]"
pen_images/combined_data/185.png,192,182,192,"[96.0, 91.0]"
pen_images/combined_data/186.png,122,152,152,"[61.0, 76.0]"
pen_images/combined_data/187.png,198,216,216,"[99.0, 108.0]"
pen_images/combined_data/188.png,182,200,200,"[91.0, 100.0]"
pen_images/combined_data/189.png,182,200,200,"[91.0, 100.0]"
pen_images/combined_data/18.png,146,162,162,"[73.0, 81.0]"
pen_images/combined_data/190.png,242,200,242,"[121.0, 100.0]"
pen_images/combined_data/191.png,198,184,198,"[99.0, 92.0]"
pen_images/combined_data/192.png,216,184,216,"[108.0, 92.0]"
pen_images/combined_data/193.png,320,314,320,"[160.0, 157.0]"
pen_images/combined_data/194.png,180,186,186,"[90.0, 93.0]"
pen_images/combined_data/195.png,180,186,186,"[90.0, 93.0]"
pen_images/combined_data/196.png,396,298,396,"[198.0, 149.0]"
pen_images/combined_data/197.png,302,296,302,"[151.0, 148.0]"
pen_images/combined_data/198.png,164,224,224,"[82.0, 112.0]"
pen_images/combined_data/199.png,410,582,582,"[205.0, 291.0]"
pen_images/combined_data/19.png,314,328,328,"[157.0, 164.0]"
pen_images/combined_data/1.png,284,364,364,"[142.0, 182.0]"
pen_images/combined_data/200.png,122,186,186,"[61.0, 93.0]"
pen_images/combined_data/201.png,446,404,446,"[223.0, 202.0]"
pen_images/combined_data/202.png,186,216,216,"[93.0, 108.0]"
pen_images/combined_data/203.png,186,216,216,"[93.0, 108.0]"
pen_images/combined_data/204.png,186,216,216,"[93.0, 108.0]"
pen_images/combined_data/205.png,274,290,290,"[137.0, 145.0]"
pen_images/combined_data/206.png,474,482,482,"[237.0, 241.0]"
pen_images/combined_data/207.png,194,210,210,"[97.0, 105.0]"
pen_images/combined_data/208.png,194,210,210,"[97.0, 105.0]"
pen_images/combined_data/209.png,364,354,364,"[182.0, 177.0]"
pen_images/combined_data/20.png,386,390,390,"[193.0, 195.0]"
pen_images/combined_data/210.png,358,346,358,"[179.0, 173.0]"
pen_images/combined_data/211.png,182,194,194,"[91.0, 97.0]"
pen_images/combined_data/212.png,182,194,194,"[91.0, 97.0]"
pen_images/combined_data/213.png,182,194,194,"[91.0, 97.0]"
pen_images/combined_data/214.png,430,436,436,"[215.0, 218.0]"
pen_images/combined_data/215.png,258,306,306,"[129.0, 153.0]"
pen_images/combined_data/216.png,214,226,226,"[107.0, 113.0]"
pen_images/combined_data/217.png,162,180,180,"[81.0, 90.0]"
pen_images/combined_data/218.png,364,412,412,"[182.0, 206.0]"
pen_images/combined_data/219.png,690,850,850,"[345.0, 425.0]"
pen_images/combined_data/21.png,394,486,486,"[197.0, 243.0]"
pen_images/combined_data/220.png,186,194,194,"[93.0, 97.0]"
pen_images/combined_data/221.png,138,142,142,"[69.0, 71.0]"
pen_images/combined_data/222.png,290,256,290,"[145.0, 128.0]"
pen_images/combined_data/223.png,206,190,206,"[103.0, 95.0]"
pen_images/combined_data/224.png,198,180,198,"[99.0, 90.0]"
pen_images/combined_data/225.png,438,566,566,"[219.0, 283.0]"
pen_images/combined_data/226.png,308,330,330,"[154.0, 165.0]"
pen_images/combined_data/227.png,344,408,408,"[172.0, 204.0]"
pen_images/combined_data/228.png,154,226,226,"[77.0, 113.0]"
pen_images/combined_data/229.png,294,346,346,"[147.0, 173.0]"
pen_images/combined_data/22.png,394,564,564,"[197.0, 282.0]"
pen_images/combined_data/230.png,216,240,240,"[108.0, 120.0]"
pen_images/combined_data/231.png,280,300,300,"[140.0, 150.0]"
pen_images/combined_data/232.png,250,294,294,"[125.0, 147.0]"
pen_images/combined_data/233.png,290,328,328,"[145.0, 164.0]"
pen_images/combined_data/234.png,344,336,344,"[172.0, 168.0]"
pen_images/combined_data/235.png,190,198,198,"[95.0, 99.0]"
pen_images/combined_data/236.png,840,970,970,"[420.0, 485.0]"
pen_images/combined_data/237.png,190,232,232,"[95.0, 116.0]"
pen_images/combined_data/238.png,350,258,350,"[175.0, 129.0]"
pen_images/combined_data/239.png,358,490,490,"[179.0, 245.0]"
pen_images/combined_data/23.png,430,378,430,"[215.0, 189.0]"
pen_images/combined_data/240.png,156,174,174,"[78.0, 87.0]"
pen_images/combined_data/241.png,156,174,174,"[78.0, 87.0]"
pen_images/combined_data/242.png,156,174,174,"[78.0, 87.0]"
pen_images/combined_data/243.png,204,244,244,"[102.0, 122.0]"
pen_images/combined_data/244.png,388,344,388,"[194.0, 172.0]"
pen_images/combined_data/245.png,184,228,228,"[92.0, 114.0]"
pen_images/combined_data/246.png,140,180,180,"[70.0, 90.0]"
pen_images/combined_data/247.png,362,340,362,"[181.0, 170.0]"
pen_images/combined_data/248.png,304,306,306,"[152.0, 153.0]"
pen_images/combined_data/249.png,150,188,188,"[75.0, 94.0]"
pen_images/combined_data/250.png,156,206,206,"[78.0, 103.0]"
pen_images/combined_data/251.png,456,494,494,"[228.0, 247.0]"
pen_images/combined_data/252.png,452,336,452,"[226.0, 168.0]"
pen_images/combined_data/253.png,452,586,586,"[226.0, 293.0]"
pen_images/combined_data/254.png,212,180,212,"[106.0, 90.0]"
pen_images/combined_data/255.png,246,268,268,"[123.0, 134.0]"
pen_images/combined_data/256.png,184,166,184,"[92.0, 83.0]"
pen_images/combined_data/257.png,184,166,184,"[92.0, 83.0]"
pen_images/combined_data/258.png,158,186,186,"[79.0, 93.0]"
pen_images/combined_data/259.png,344,350,350,"[172.0, 175.0]"
pen_images/combined_data/25.png,378,374,378,"[189.0, 187.0]"
pen_images/combined_data/260.png,168,168,168,"[84.0, 84.0]"
pen_images/combined_data/261.png,168,168,168,"[84.0, 84.0]"
pen_images/combined_data/262.png,186,186,186,"[93.0, 93.0]"
pen_images/combined_data/263.png,206,196,206,"[103.0, 98.0]"
pen_images/combined_data/264.png,206,196,206,"[103.0, 98.0]"
pen_images/combined_data/265.png,206,196,206,"[103.0, 98.0]"
pen_images/combined_data/266.png,206,196,206,"[103.0, 98.0]"
pen_images/combined_data/267.png,220,240,240,"[110.0, 120.0]"
pen_images/combined_data/268.png,386,380,386,"[193.0, 190.0]"
pen_images/combined_data/269.png,338,436,436,"[169.0, 218.0]"
pen_images/combined_data/26.png,160,162,162,"[80.0, 81.0]"
pen_images/combined_data/270.png,216,238,238,"[108.0, 119.0]"
pen_images/combined_data/271.png,136,182,182,"[68.0, 91.0]"
pen_images/combined_data/272.png,136,182,182,"[68.0, 91.0]"
pen_images/combined_data/273.png,350,382,382,"[175.0, 191.0]"
pen_images/combined_data/274.png,252,270,270,"[126.0, 135.0]"
pen_images/combined_data/275.png,192,182,192,"[96.0, 91.0]"
pen_images/combined_data/276.png,164,182,182,"[82.0, 91.0]"
pen_images/combined_data/277.png,148,208,208,"[74.0, 104.0]"
pen_images/combined_data/278.png,148,208,208,"[74.0, 104.0]"
pen_images/combined_data/279.png,188,172,188,"[94.0, 86.0]"
pen_images/combined_data/27.png,190,194,194,"[95.0, 97.0]"
pen_images/combined_data/280.png,540,590,590,"[270.0, 295.0]"
pen_images/combined_data/281.png,168,200,200,"[84.0, 100.0]"
pen_images/combined_data/282.png,156,204,204,"[78.0, 102.0]"
pen_images/combined_data/283.png,156,204,204,"[78.0, 102.0]"
pen_images/combined_data/284.png,170,172,172,"[85.0, 86.0]"
pen_images/combined_data/285.png,170,172,172,"[85.0, 86.0]"
pen_images/combined_data/286.png,170,172,172,"[85.0, 86.0]"
pen_images/combined_data/287.png,362,358,362,"[181.0, 179.0]"
pen_images/combined_data/288.png,322,324,324,"[161.0, 162.0]"
pen_images/combined_data/289.png,194,220,220,"[97.0, 110.0]"
pen_images/combined_data/28.png,348,392,392,"[174.0, 196.0]"
pen_images/combined_data/290.png,194,220,220,"[97.0, 110.0]"
pen_images/combined_data/291.png,138,174,174,"[69.0, 87.0]"
pen_images/combined_data/292.png,644,710,710,"[322.0, 355.0]"
pen_images/combined_data/293.png,186,212,212,"[93.0, 106.0]"
pen_images/combined_data/294.png,186,212,212,"[93.0, 106.0]"
pen_images/combined_data/295.png,186,212,212,"[93.0, 106.0]"
pen_images/combined_data/296.png,186,212,212,"[93.0, 106.0]"
pen_images/combined_data/297.png,554,482,554,"[277.0, 241.0]"
pen_images/combined_data/298.png,168,174,174,"[84.0, 87.0]"
pen_images/combined_data/299.png,168,174,174,"[84.0, 87.0]"
pen_images/combined_data/29.png,350,392,392,"[175.0, 196.0]"
pen_images/combined_data/300.png,168,174,174,"[84.0, 87.0]"
pen_images/combined_data/301.png,224,192,224,"[112.0, 96.0]"
pen_images/combined_data/302.png,284,310,310,"[142.0, 155.0]"
pen_images/combined_data/303.png,178,200,200,"[89.0, 100.0]"
pen_images/combined_data/304.png,148,194,194,"[74.0, 97.0]"
pen_images/combined_data/305.png,162,182,182,"[81.0, 91.0]"
pen_images/combined_data/306.png,278,268,278,"[139.0, 134.0]"
pen_images/combined_data/307.png,154,182,182,"[77.0, 91.0]"
pen_images/combined_data/308.png,172,208,208,"[86.0, 104.0]"
pen_images/combined_data/309.png,192,280,280,"[96.0, 140.0]"
pen_images/combined_data/30.png,530,592,592,"[265.0, 296.0]"
pen_images/combined_data/310.png,308,306,308,"[154.0, 153.0]"
pen_images/combined_data/311.png,176,208,208,"[88.0, 104.0]"
pen_images/combined_data/312.png,200,208,208,"[100.0, 104.0]"
pen_images/combined_data/313.png,210,214,214,"[105.0, 107.0]"
pen_images/combined_data/314.png,120,134,134,"[60.0, 67.0]"
pen_images/combined_data/315.png,740,964,964,"[370.0, 482.0]"
pen_images/combined_data/316.png,188,206,206,"[94.0, 103.0]"
pen_images/combined_data/317.png,188,206,206,"[94.0, 103.0]"
pen_images/combined_data/318.png,206,228,228,"[103.0, 114.0]"
pen_images/combined_data/319.png,186,238,238,"[93.0, 119.0]"
pen_images/combined_data/31.png,122,160,160,"[61.0, 80.0]"
pen_images/combined_data/320.png,216,214,216,"[108.0, 107.0]"
pen_images/combined_data/321.png,302,354,354,"[151.0, 177.0]"
pen_images/combined_data/322.png,296,262,296,"[148.0, 131.0]"
pen_images/combined_data/323.png,202,206,206,"[101.0, 103.0]"
pen_images/combined_data/324.png,128,174,174,"[64.0, 87.0]"
pen_images/combined_data/325.png,440,542,542,"[220.0, 271.0]"
pen_images/combined_data/326.png,392,572,572,"[196.0, 286.0]"
pen_images/combined_data/327.png,156,184,184,"[78.0, 92.0]"
pen_images/combined_data/328.png,470,450,470,"[235.0, 225.0]"
pen_images/combined_data/329.png,164,188,188,"[82.0, 94.0]"
pen_images/combined_data/32.png,100,126,126,"[50.0, 63.0]"
pen_images/combined_data/330.png,224,248,248,"[112.0, 124.0]"
pen_images/combined_data/331.png,116,164,164,"[58.0, 82.0]"
pen_images/combined_data/332.png,292,264,292,"[146.0, 132.0]"
pen_images/combined_data/333.png,134,184,184,"[67.0, 92.0]"
pen_images/combined_data/334.png,462,488,488,"[231.0, 244.0]"
pen_images/combined_data/335.png,650,656,656,"[325.0, 328.0]"
pen_images/combined_data/336.png,142,220,220,"[71.0, 110.0]"
pen_images/combined_data/337.png,430,368,430,"[215.0, 184.0]"
pen_images/combined_data/338.png,202,194,202,"[101.0, 97.0]"
pen_images/combined_data/339.png,318,290,318,"[159.0, 145.0]"
pen_images/combined_data/33.png,190,196,196,"[95.0, 98.0]"
pen_images/combined_data/340.png,178,216,216,"[89.0, 108.0]"
pen_images/combined_data/341.png,296,296,296,"[148.0, 148.0]"
pen_images/combined_data/342.png,326,406,406,"[163.0, 203.0]"
pen_images/combined_data/343.png,228,278,278,"[114.0, 139.0]"
pen_images/combined_data/344.png,336,304,336,"[168.0, 152.0]"
pen_images/combined_data/345.png,306,298,306,"[153.0, 149.0]"
pen_images/combined_data/346.png,374,410,410,"[187.0, 205.0]"
pen_images/combined_data/347.png,152,178,178,"[76.0, 89.0]"
pen_images/combined_data/348.png,162,194,194,"[81.0, 97.0]"
pen_images/combined_data/349.png,162,194,194,"[81.0, 97.0]"
pen_images/combined_data/34.png,902,568,902,"[451.0, 284.0]"
pen_images/combined_data/350.png,212,244,244,"[106.0, 122.0]"
pen_images/combined_data/351.png,184,204,204,"[92.0, 102.0]"
pen_images/combined_data/352.png,142,124,142,"[71.0, 62.0]"
pen_images/combined_data/353.png,142,178,178,"[71.0, 89.0]"
pen_images/combined_data/354.png,138,136,138,"[69.0, 68.0]"
pen_images/combined_data/355.png,548,610,610,"[274.0, 305.0]"
pen_images/combined_data/356.png,150,206,206,"[75.0, 103.0]"
pen_images/combined_data/357.png,306,322,322,"[153.0, 161.0]"
pen_images/combined_data/358.png,184,252,252,"[92.0, 126.0]"
pen_images/combined_data/359.png,184,252,252,"[92.0, 126.0]"
pen_images/combined_data/35.png,122,156,156,"[61.0, 78.0]"
pen_images/combined_data/360.png,420,512,512,"[210.0, 256.0]"
pen_images/combined_data/361.png,242,232,242,"[121.0, 116.0]"
pen_images/combined_data/362.png,174,198,198,"[87.0, 99.0]"
pen_images/combined_data/363.png,242,232,242,"[121.0, 116.0]"
pen_images/combined_data/364.png,338,304,338,"[169.0, 152.0]"
pen_images/combined_data/365.png,430,438,438,"[215.0, 219.0]"
pen_images/combined_data/366.png,152,160,160,"[76.0, 80.0]"
pen_images/combined_data/367.png,214,232,232,"[107.0, 116.0]"
pen_images/combined_data/368.png,190,200,200,"[95.0, 100.0]"
pen_images/combined_data/369.png,292,314,314,"[146.0, 157.0]"
pen_images/combined_data/36.png,346,286,346,"[173.0, 143.0]"
pen_images/combined_data/370.png,268,334,334,"[134.0, 167.0]"
pen_images/combined_data/371.png,280,386,386,"[140.0, 193.0]"
pen_images/combined_data/372.png,308,374,374,"[154.0, 187.0]"
pen_images/combined_data/373.png,456,424,456,"[228.0, 212.0]"
pen_images/combined_data/374.png,188,180,188,"[94.0, 90.0]"
pen_images/combined_data/375.png,156,222,222,"[78.0, 111.0]"
pen_images/combined_data/376.png,156,222,222,"[78.0, 111.0]"
pen_images/combined_data/377.png,312,324,324,"[156.0, 162.0]"
pen_images/combined_data/378.png,148,178,178,"[74.0, 89.0]"
pen_images/combined_data/379.png,148,178,178,"[74.0, 89.0]"
pen_images/combined_data/37.png,364,400,400,"[182.0, 200.0]"
pen_images/combined_data/380.png,172,214,214,"[86.0, 107.0]"
pen_images/combined_data/381.png,322,364,364,"[161.0, 182.0]"
pen_images/combined_data/382.png,146,166,166,"[73.0, 83.0]"
pen_images/combined_data/383.png,394,364,394,"[197.0, 182.0]"
pen_images/combined_data/384.png,232,226,232,"[116.0, 113.0]"
pen_images/combined_data/385.png,282,268,282,"[141.0, 134.0]"
pen_images/combined_data/386.png,550,570,570,"[275.0, 285.0]"
pen_images/combined_data/387.png,220,208,220,"[110.0, 104.0]"
pen_images/combined_data/388.png,410,434,434,"[205.0, 217.0]"
pen_images/combined_data/389.png,240,288,288,"[120.0, 144.0]"
pen_images/combined_data/38.png,648,478,648,"[324.0, 239.0]"
pen_images/combined_data/390.png,132,170,170,"[66.0, 85.0]"
pen_images/combined_data/391.png,346,264,346,"[173.0, 132.0]"
pen_images/combined_data/392.png,164,218,218,"[82.0, 109.0]"
pen_images/combined_data/393.png,274,318,318,"[137.0, 159.0]"
pen_images/combined_data/394.png,150,162,162,"[75.0, 81.0]"
pen_images/combined_data/395.png,150,162,162,"[75.0, 81.0]"
pen_images/combined_data/396.png,200,288,288,"[100.0, 144.0]"
pen_images/combined_data/397.png,152,188,188,"[76.0, 94.0]"
pen_images/combined_data/398.png,152,134,152,"[76.0, 67.0]"
pen_images/combined_data/399.png,186,206,206,"[93.0, 103.0]"
pen_images/combined_data/39.png,166,182,182,"[83.0, 91.0]"
pen_images/combined_data/3.png,300,378,378,"[150.0, 189.0]"
pen_images/combined_data/40.png,192,242,242,"[96.0, 121.0]"
pen_images/combined_data/41.png,216,294,294,"[108.0, 147.0]"
pen_images/combined_data/42.png,140,172,172,"[70.0, 86.0]"
pen_images/combined_data/43.png,226,226,226,"[113.0, 113.0]"
pen_images/combined_data/46.png,114,138,138,"[57.0, 69.0]"
pen_images/combined_data/47.png,298,342,342,"[149.0, 171.0]"
pen_images/combined_data/48.png,154,178,178,"[77.0, 89.0]"
pen_images/combined_data/49.png,144,164,164,"[72.0, 82.0]"
pen_images/combined_data/4.png,114,184,184,"[57.0, 92.0]"
pen_images/combined_data/50.png,144,164,164,"[72.0, 82.0]"
pen_images/combined_data/51.png,352,468,468,"[176.0, 234.0]"
pen_images/combined_data/52.png,178,212,212,"[89.0, 106.0]"
pen_images/combined_data/53.png,144,168,168,"[72.0, 84.0]"
pen_images/combined_data/54.png,256,258,258,"[128.0, 129.0]"
pen_images/combined_data/56.png,176,242,242,"[88.0, 121.0]"
pen_images/combined_data/57.png,122,144,144,"[61.0, 72.0]"
pen_images/combined_data/58.png,122,144,144,"[61.0, 72.0]"
pen_images/combined_data/59.png,130,156,156,"[65.0, 78.0]"
pen_images/combined_data/5.png,116,164,164,"[58.0, 82.0]"
pen_images/combined_data/60.png,220,178,220,"[110.0, 89.0]"
pen_images/combined_data/61.png,422,590,590,"[211.0, 295.0]"
pen_images/combined_data/62.png,172,170,172,"[86.0, 85.0]"
pen_images/combined_data/63.png,162,148,162,"[81.0, 74.0]"
pen_images/combined_data/64.png,110,114,114,"[55.0, 57.0]"
pen_images/combined_data/65.png,116,126,126,"[58.0, 63.0]"
pen_images/combined_data/66.png,152,240,240,"[76.0, 120.0]"
pen_images/combined_data/67.png,170,194,194,"[85.0, 97.0]"
pen_images/combined_data/68.png,158,210,210,"[79.0, 105.0]"
pen_images/combined_data/69.png,160,172,172,"[80.0, 86.0]"
pen_images/combined_data/6.png,416,446,446,"[208.0, 223.0]"
pen_images/combined_data/71.png,354,368,368,"[177.0, 184.0]"
pen_images/combined_data/72.png,166,198,198,"[83.0, 99.0]"
pen_images/combined_data/73.png,256,230,256,"[128.0, 115.0]"
pen_images/combined_data/74.png,122,144,144,"[61.0, 72.0]"
pen_images/combined_data/75.png,132,178,178,"[66.0, 89.0]"
pen_images/combined_data/77.png,468,400,468,"[234.0, 200.0]"
pen_images/combined_data/78.png,358,396,396,"[179.0, 198.0]"
pen_images/combined_data/79.png,122,154,154,"[61.0, 77.0]"
pen_images/combined_data/7.png,334,318,334,"[167.0, 159.0]"
pen_images/combined_data/80.png,146,200,200,"[73.0, 100.0]"
pen_images/combined_data/82.png,630,862,862,"[315.0, 431.0]"
pen_images/combined_data/83.png,336,300,336,"[168.0, 150.0]"
pen_images/combined_data/84.png,152,212,212,"[76.0, 106.0]"
pen_images/combined_data/86.png,162,144,162,"[81.0, 72.0]"
pen_images/combined_data/87.png,196,166,196,"[98.0, 83.0]"
pen_images/combined_data/88.png,412,398,412,"[206.0, 199.0]"
pen_images/combined_data/89.png,158,242,242,"[79.0, 121.0]"
pen_images/combined_data/90.png,312,376,376,"[156.0, 188.0]"
pen_images/combined_data/91.png,268,304,304,"[134.0, 152.0]"
pen_images/combined_data/92.png,158,170,170,"[79.0, 85.0]"
pen_images/combined_data/93.png,166,178,178,"[83.0, 89.0]"
pen_images/combined_data/94.png,150,194,194,"[75.0, 97.0]"
pen_images/combined_data/95.png,236,342,342,"[118.0, 171.0]"
pen_images/combined_data/96.png,122,172,172,"[61.0, 86.0]"
pen_images/combined_data/97.png,188,182,188,"[94.0, 91.0]"
pen_images/combined_data/99.png,288,360,360,"[144.0, 180.0]"
pen_images/combined_data/9.png,842,766,842,"[421.0, 383.0]"
pen_images/prem_17_18_18_19/0.png,216,198,216,"[108.0, 99.0]"
pen_images/prem_17_18_18_19/100.png,162,172,172,"[81.0, 86.0]"
pen_images/prem_17_18_18_19/101.png,162,172,172,"[81.0, 86.0]"
pen_images/prem_17_18_18_19/102.png,176,200,200,"[88.0, 100.0]"
pen_images/prem_17_18_18_19/103.png,144,166,166,"[72.0, 83.0]"
pen_images/prem_17_18_18_19/104.png,250,228,250,"[125.0, 114.0]"
pen_images/prem_17_18_18_19/105.png,318,368,368,"[159.0, 184.0]"
pen_images/prem_17_18_18_19/106.png,158,210,210,"[79.0, 105.0]"
pen_images/prem_17_18_18_19/107.png,338,292,338,"[169.0, 146.0]"
pen_images/prem_17_18_18_19/108.png,650,678,678,"[325.0, 339.0]"
pen_images/prem_17_18_18_19/109.png,574,806,806,"[287.0, 403.0]"
pen_images/prem_17_18_18_19/10.png,178,230,230,"[89.0, 115.0]"
pen_images/prem_17_18_18_19/110.png,224,210,224,"[112.0, 105.0]"
pen_images/prem_17_18_18_19/111.png,140,184,184,"[70.0, 92.0]"
pen_images/prem_17_18_18_19/113.png,162,198,198,"[81.0, 99.0]"
pen_images/prem_17_18_18_19/115.png,312,492,492,"[156.0, 246.0]"
pen_images/prem_17_18_18_19/116.png,166,198,198,"[83.0, 99.0]"
pen_images/prem_17_18_18_19/118.png,960,958,960,"[480.0, 479.0]"
pen_images/prem_17_18_18_19/119.png,150,194,194,"[75.0, 97.0]"
pen_images/prem_17_18_18_19/11.png,366,410,410,"[183.0, 205.0]"
pen_images/prem_17_18_18_19/120.png,282,362,362,"[141.0, 181.0]"
pen_images/prem_17_18_18_19/121.png,280,318,318,"[140.0, 159.0]"
pen_images/prem_17_18_18_19/123.png,304,298,304,"[152.0, 149.0]"
pen_images/prem_17_18_18_19/124.png,338,362,362,"[169.0, 181.0]"
pen_images/prem_17_18_18_19/125.png,260,250,260,"[130.0, 125.0]"
pen_images/prem_17_18_18_19/126.png,158,196,196,"[79.0, 98.0]"
pen_images/prem_17_18_18_19/127.png,338,338,338,"[169.0, 169.0]"
pen_images/prem_17_18_18_19/128.png,142,174,174,"[71.0, 87.0]"
pen_images/prem_17_18_18_19/129.png,218,252,252,"[109.0, 126.0]"
pen_images/prem_17_18_18_19/130.png,304,284,304,"[152.0, 142.0]"
pen_images/prem_17_18_18_19/131.png,268,306,306,"[134.0, 153.0]"
pen_images/prem_17_18_18_19/134.png,142,178,178,"[71.0, 89.0]"
pen_images/prem_17_18_18_19/135.png,184,186,186,"[92.0, 93.0]"
pen_images/prem_17_18_18_19/136.png,350,320,350,"[175.0, 160.0]"
pen_images/prem_17_18_18_19/137.png,194,234,234,"[97.0, 117.0]"
pen_images/prem_17_18_18_19/138.png,178,202,202,"[89.0, 101.0]"
pen_images/prem_17_18_18_19/13.png,174,198,198,"[87.0, 99.0]"
pen_images/prem_17_18_18_19/140.png,194,316,316,"[97.0, 158.0]"
pen_images/prem_17_18_18_19/141.png,150,176,176,"[75.0, 88.0]"
pen_images/prem_17_18_18_19/142.png,278,316,316,"[139.0, 158.0]"
pen_images/prem_17_18_18_19/143.png,178,222,222,"[89.0, 111.0]"
pen_images/prem_17_18_18_19/144.png,184,224,224,"[92.0, 112.0]"
pen_images/prem_17_18_18_19/145.png,138,182,182,"[69.0, 91.0]"
pen_images/prem_17_18_18_19/146.png,248,268,268,"[124.0, 134.0]"
pen_images/prem_17_18_18_19/147.png,264,318,318,"[132.0, 159.0]"
pen_images/prem_17_18_18_19/148.png,286,356,356,"[143.0, 178.0]"
pen_images/prem_17_18_18_19/14.png,326,276,326,"[163.0, 138.0]"
pen_images/prem_17_18_18_19/152.png,242,258,258,"[121.0, 129.0]"
pen_images/prem_17_18_18_19/155.png,386,342,386,"[193.0, 171.0]"
pen_images/prem_17_18_18_19/156.png,598,460,598,"[299.0, 230.0]"
pen_images/prem_17_18_18_19/157.png,474,370,474,"[237.0, 185.0]"
pen_images/prem_17_18_18_19/158.png,320,298,320,"[160.0, 149.0]"
pen_images/prem_17_18_18_19/159.png,250,234,250,"[125.0, 117.0]"
pen_images/prem_17_18_18_19/15.png,200,182,200,"[100.0, 91.0]"
pen_images/prem_17_18_18_19/160.png,138,182,182,"[69.0, 91.0]"
pen_images/prem_17_18_18_19/162.png,334,274,334,"[167.0, 137.0]"
pen_images/prem_17_18_18_19/163.png,930,1096,1096,"[465.0, 548.0]"
pen_images/prem_17_18_18_19/164.png,308,370,370,"[154.0, 185.0]"
pen_images/prem_17_18_18_19/165.png,260,274,274,"[130.0, 137.0]"
pen_images/prem_17_18_18_19/166.png,166,160,166,"[83.0, 80.0]"
pen_images/prem_17_18_18_19/168.png,166,160,166,"[83.0, 80.0]"
pen_images/prem_17_18_18_19/169.png,196,182,196,"[98.0, 91.0]"
pen_images/prem_17_18_18_19/16.png,200,182,200,"[100.0, 91.0]"
pen_images/prem_17_18_18_19/171.png,354,358,358,"[177.0, 179.0]"
pen_images/prem_17_18_18_19/173.png,254,236,254,"[127.0, 118.0]"
pen_images/prem_17_18_18_19/175.png,382,320,382,"[191.0, 160.0]"
pen_images/prem_17_18_18_19/177.png,206,178,206,"[103.0, 89.0]"
pen_images/prem_17_18_18_19/178.png,428,406,428,"[214.0, 203.0]"
pen_images/prem_17_18_18_19/179.png,210,192,210,"[105.0, 96.0]"
pen_images/prem_17_18_18_19/17.png,146,162,162,"[73.0, 81.0]"
pen_images/prem_17_18_18_19/180.png,452,428,452,"[226.0, 214.0]"
pen_images/prem_17_18_18_19/181.png,314,330,330,"[157.0, 165.0]"
pen_images/prem_17_18_18_19/18.png,146,162,162,"[73.0, 81.0]"
pen_images/prem_17_18_18_19/19.png,314,328,328,"[157.0, 164.0]"
pen_images/prem_17_18_18_19/1.png,284,364,364,"[142.0, 182.0]"
pen_images/prem_17_18_18_19/20.png,386,390,390,"[193.0, 195.0]"
pen_images/prem_17_18_18_19/21.png,394,486,486,"[197.0, 243.0]"
pen_images/prem_17_18_18_19/22.png,394,564,564,"[197.0, 282.0]"
pen_images/prem_17_18_18_19/23.png,430,378,430,"[215.0, 189.0]"
pen_images/prem_17_18_18_19/25.png,378,374,378,"[189.0, 187.0]"
pen_images/prem_17_18_18_19/26.png,160,162,162,"[80.0, 81.0]"
pen_images/prem_17_18_18_19/27.png,190,194,194,"[95.0, 97.0]"
pen_images/prem_17_18_18_19/28.png,348,392,392,"[174.0, 196.0]"
pen_images/prem_17_18_18_19/29.png,350,392,392,"[175.0, 196.0]"
pen_images/prem_17_18_18_19/30.png,530,592,592,"[265.0, 296.0]"
pen_images/prem_17_18_18_19/31.png,122,160,160,"[61.0, 80.0]"
pen_images/prem_17_18_18_19/32.png,100,126,126,"[50.0, 63.0]"
pen_images/prem_17_18_18_19/33.png,190,196,196,"[95.0, 98.0]"
pen_images/prem_17_18_18_19/34.png,902,568,902,"[451.0, 284.0]"
pen_images/prem_17_18_18_19/35.png,122,156,156,"[61.0, 78.0]"
pen_images/prem_17_18_18_19/36.png,346,286,346,"[173.0, 143.0]"
pen_images/prem_17_18_18_19/37.png,364,400,400,"[182.0, 200.0]"
pen_images/prem_17_18_18_19/38.png,648,478,648,"[324.0, 239.0]"
pen_images/prem_17_18_18_19/39.png,166,182,182,"[83.0, 91.0]"
pen_images/prem_17_18_18_19/3.png,300,378,378,"[150.0, 189.0]"
pen_images/prem_17_18_18_19/40.png,192,242,242,"[96.0, 121.0]"
pen_images/prem_17_18_18_19/41.png,216,294,294,"[108.0, 147.0]"
pen_images/prem_17_18_18_19/42.png,140,172,172,"[70.0, 86.0]"
pen_images/prem_17_18_18_19/43.png,226,226,226,"[113.0, 113.0]"
pen_images/prem_17_18_18_19/46.png,114,138,138,"[57.0, 69.0]"
pen_images/prem_17_18_18_19/47.png,298,342,342,"[149.0, 171.0]"
pen_images/prem_17_18_18_19/48.png,154,178,178,"[77.0, 89.0]"
pen_images/prem_17_18_18_19/49.png,144,164,164,"[72.0, 82.0]"
pen_images/prem_17_18_18_19/4.png,114,184,184,"[57.0, 92.0]"
pen_images/prem_17_18_18_19/50.png,144,164,164,"[72.0, 82.0]"
pen_images/prem_17_18_18_19/51.png,352,468,468,"[176.0, 234.0]"
pen_images/prem_17_18_18_19/52.png,178,212,212,"[89.0, 106.0]"
pen_images/prem_17_18_18_19/53.png,144,168,168,"[72.0, 84.0]"
pen_images/prem_17_18_18_19/54.png,256,258,258,"[128.0, 129.0]"
pen_images/prem_17_18_18_19/56.png,176,242,242,"[88.0, 121.0]"
pen_images/prem_17_18_18_19/57.png,122,144,144,"[61.0, 72.0]"
pen_images/prem_17_18_18_19/58.png,122,144,144,"[61.0, 72.0]"
pen_images/prem_17_18_18_19/59.png,130,156,156,"[65.0, 78.0]"
pen_images/prem_17_18_18_19/5.png,116,164,164,"[58.0, 82.0]"
pen_images/prem_17_18_18_19/60.png,220,178,220,"[110.0, 89.0]"
pen_images/prem_17_18_18_19/61.png,422,590,590,"[211.0, 295.0]"
pen_images/prem_17_18_18_19/62.png,172,170,172,"[86.0, 85.0]"
pen_images/prem_17_18_18_19/63.png,162,148,162,"[81.0, 74.0]"
pen_images/prem_17_18_18_19/64.png,110,114,114,"[55.0, 57.0]"
pen_images/prem_17_18_18_19/65.png,116,126,126,"[58.0, 63.0]"
pen_images/prem_17_18_18_19/66.png,152,240,240,"[76.0, 120.0]"
pen_images/prem_17_18_18_19/67.png,170,194,194,"[85.0, 97.0]"
pen_images/prem_17_18_18_19/68.png,158,210,210,"[79.0, 105.0]"
pen_images/prem_17_18_18_19/69.png,160,172,172,"[80.0, 86.0]"
pen_images/prem_17_18_18_19/6.png,416,446,446,"[208.0, 223.0]"
pen_images/prem_17_18_18_19/71.png,354,368,368,"[177.0, 184.0]"
pen_images/prem_17_18_18_19/72.png,166,198,198,"[83.0, 99.0]"
pen_images/prem_17_18_18_19/73.png,256,230,256,"[128.0, 115.0]"
pen_images/prem_17_18_18_19/74.png,122,144,144,"[61.0, 72.0]"
pen_images/prem_17_18_18_19/75.png,132,178,178,"[66.0, 89.0]"
pen_images/prem_17_18_18_19/77.png,468,400,468,"[234.0, 200.0]"
pen_images/prem_17_18_18_19/78.png,358,396,396,"[179.0, 198.0]"
pen_images/prem_17_18_18_19/79.png,122,154,154,"[61.0, 77.0]"
pen_images/prem_17_18_18_19/7.png,334,318,334,"[167.0, 159.0]"
pen_images/prem_17_18_18_19/80.png,146,200,200,"[73.0, 100.0]"
pen_images/prem_17_18_18_19/82.png,630,862,862,"[315.0, 431.0]"
pen_images/prem_17_18_18_19/83.png,336,300,336,"[168.0, 150.0]"
pen_images/prem_17_18_18_19/84.png,152,212,212,"[76.0, 106.0]"
pen_images/prem_17_18_18_19/86.png,162,144,162,"[81.0, 72.0]"
pen_images/prem_17_18_18_19/87.png,196,166,196,"[98.0, 83.0]"
pen_images/prem_17_18_18_19/88.png,412,398,412,"[206.0, 199.0]"
pen_images/prem_17_18_18_19/89.png,158,242,242,"[79.0, 121.0]"
pen_images/prem_17_18_18_19/90.png,312,376,376,"[156.0, 188.0]"
pen_images/prem_17_18_18_19/91.png,268,304,304,"[134.0, 152.0]"
pen_images/prem_17_18_18_19/92.png,158,170,170,"[79.0, 85.0]"
pen_images/prem_17_18_18_19/93.png,166,178,178,"[83.0, 89.0]"
pen_images/prem_17_18_18_19/94.png,150,194,194,"[75.0, 97.0]"
pen_images/prem_17_18_18_19/95.png,236,342,342,"[118.0, 171.0]"
pen_images/prem_17_18_18_19/96.png,122,172,172,"[61.0, 86.0]"
pen_images/prem_17_18_18_19/97.png,188,182,188,"[94.0, 91.0]"
pen_images/prem_17_18_18_19/99.png,288,360,360,"[144.0, 180.0]"
pen_images/prem_17_18_18_19/9.png,842,766,842,"[421.0, 383.0]"
pen_images/prem_19_20_20_21/f0.png,430,640,640,"[215.0, 320.0]"
pen_images/prem_19_20_20_21/f100.png,156,204,204,"[78.0, 102.0]"
pen_images/prem_19_20_20_21/f101.png,170,172,172,"[85.0, 86.0]"
pen_images/prem_19_20_20_21/f102.png,170,172,172,"[85.0, 86.0]"
pen_images/prem_19_20_20_21/f103.png,170,172,172,"[85.0, 86.0]"
pen_images/prem_19_20_20_21/f104.png,362,358,362,"[181.0, 179.0]"
pen_images/prem_19_20_20_21/f105.png,322,324,324,"[161.0, 162.0]"
pen_images/prem_19_20_20_21/f106.png,194,220,220,"[97.0, 110.0]"
pen_images/prem_19_20_20_21/f107.png,194,220,220,"[97.0, 110.0]"
pen_images/prem_19_20_20_21/f108.png,138,174,174,"[69.0, 87.0]"
pen_images/prem_19_20_20_21/f109.png,644,710,710,"[322.0, 355.0]"
pen_images/prem_19_20_20_21/f10.png,320,314,320,"[160.0, 157.0]"
pen_images/prem_19_20_20_21/f110.png,186,212,212,"[93.0, 106.0]"
pen_images/prem_19_20_20_21/f111.png,186,212,212,"[93.0, 106.0]"
pen_images/prem_19_20_20_21/f112.png,186,212,212,"[93.0, 106.0]"
pen_images/prem_19_20_20_21/f113.png,186,212,212,"[93.0, 106.0]"
pen_images/prem_19_20_20_21/f114.png,554,482,554,"[277.0, 241.0]"
pen_images/prem_19_20_20_21/f115.png,168,174,174,"[84.0, 87.0]"
pen_images/prem_19_20_20_21/f116.png,168,174,174,"[84.0, 87.0]"
pen_images/prem_19_20_20_21/f117.png,168,174,174,"[84.0, 87.0]"
pen_images/prem_19_20_20_21/f118.png,224,192,224,"[112.0, 96.0]"
pen_images/prem_19_20_20_21/f119.png,284,310,310,"[142.0, 155.0]"
pen_images/prem_19_20_20_21/f11.png,180,186,186,"[90.0, 93.0]"
pen_images/prem_19_20_20_21/f120.png,178,200,200,"[89.0, 100.0]"
pen_images/prem_19_20_20_21/f121.png,148,194,194,"[74.0, 97.0]"
pen_images/prem_19_20_20_21/f122.png,162,182,182,"[81.0, 91.0]"
pen_images/prem_19_20_20_21/f123.png,278,268,278,"[139.0, 134.0]"
pen_images/prem_19_20_20_21/f124.png,154,182,182,"[77.0, 91.0]"
pen_images/prem_19_20_20_21/f125.png,172,208,208,"[86.0, 104.0]"
pen_images/prem_19_20_20_21/f126.png,192,280,280,"[96.0, 140.0]"
pen_images/prem_19_20_20_21/f127.png,308,306,308,"[154.0, 153.0]"
pen_images/prem_19_20_20_21/f128.png,176,208,208,"[88.0, 104.0]"
pen_images/prem_19_20_20_21/f129.png,200,208,208,"[100.0, 104.0]"
pen_images/prem_19_20_20_21/f12.png,180,186,186,"[90.0, 93.0]"
pen_images/prem_19_20_20_21/f130.png,210,214,214,"[105.0, 107.0]"
pen_images/prem_19_20_20_21/f131.png,120,134,134,"[60.0, 67.0]"
pen_images/prem_19_20_20_21/f132.png,740,964,964,"[370.0, 482.0]"
pen_images/prem_19_20_20_21/f133.png,188,206,206,"[94.0, 103.0]"
pen_images/prem_19_20_20_21/f134.png,188,206,206,"[94.0, 103.0]"
pen_images/prem_19_20_20_21/f135.png,206,228,228,"[103.0, 114.0]"
pen_images/prem_19_20_20_21/f136.png,186,238,238,"[93.0, 119.0]"
pen_images/prem_19_20_20_21/f137.png,216,214,216,"[108.0, 107.0]"
pen_images/prem_19_20_20_21/f138.png,302,354,354,"[151.0, 177.0]"
pen_images/prem_19_20_20_21/f139.png,296,262,296,"[148.0, 131.0]"
pen_images/prem_19_20_20_21/f13.png,396,298,396,"[198.0, 149.0]"
pen_images/prem_19_20_20_21/f140.png,202,206,206,"[101.0, 103.0]"
pen_images/prem_19_20_20_21/f141.png,128,174,174,"[64.0, 87.0]"
pen_images/prem_19_20_20_21/f142.png,440,542,542,"[220.0, 271.0]"
pen_images/prem_19_20_20_21/f143.png,392,572,572,"[196.0, 286.0]"
pen_images/prem_19_20_20_21/f144.png,156,184,184,"[78.0, 92.0]"
pen_images/prem_19_20_20_21/f145.png,470,450,470,"[235.0, 225.0]"
pen_images/prem_19_20_20_21/f146.png,164,188,188,"[82.0, 94.0]"
pen_images/prem_19_20_20_21/f147.png,224,248,248,"[112.0, 124.0]"
pen_images/prem_19_20_20_21/f148.png,116,164,164,"[58.0, 82.0]"
pen_images/prem_19_20_20_21/f149.png,292,264,292,"[146.0, 132.0]"
pen_images/prem_19_20_20_21/f14.png,302,296,302,"[151.0, 148.0]"
pen_images/prem_19_20_20_21/f150.png,134,184,184,"[67.0, 92.0]"
pen_images/prem_19_20_20_21/f151.png,462,488,488,"[231.0, 244.0]"
pen_images/prem_19_20_20_21/f152.png,650,656,656,"[325.0, 328.0]"
pen_images/prem_19_20_20_21/f153.png,142,220,220,"[71.0, 110.0]"
pen_images/prem_19_20_20_21/f154.png,430,368,430,"[215.0, 184.0]"
pen_images/prem_19_20_20_21/f155.png,202,194,202,"[101.0, 97.0]"
pen_images/prem_19_20_20_21/f156.png,318,290,318,"[159.0, 145.0]"
pen_images/prem_19_20_20_21/f157.png,178,216,216,"[89.0, 108.0]"
pen_images/prem_19_20_20_21/f158.png,296,296,296,"[148.0, 148.0]"
pen_images/prem_19_20_20_21/f159.png,326,406,406,"[163.0, 203.0]"
pen_images/prem_19_20_20_21/f15.png,164,224,224,"[82.0, 112.0]"
pen_images/prem_19_20_20_21/f160.png,228,278,278,"[114.0, 139.0]"
pen_images/prem_19_20_20_21/f161.png,336,304,336,"[168.0, 152.0]"
pen_images/prem_19_20_20_21/f162.png,306,298,306,"[153.0, 149.0]"
pen_images/prem_19_20_20_21/f163.png,374,410,410,"[187.0, 205.0]"
pen_images/prem_19_20_20_21/f164.png,152,178,178,"[76.0, 89.0]"
pen_images/prem_19_20_20_21/f165.png,162,194,194,"[81.0, 97.0]"
pen_images/prem_19_20_20_21/f166.png,162,194,194,"[81.0, 97.0]"
pen_images/prem_19_20_20_21/f167.png,212,244,244,"[106.0, 122.0]"
pen_images/prem_19_20_20_21/f168.png,184,204,204,"[92.0, 102.0]"
pen_images/prem_19_20_20_21/f169.png,142,124,142,"[71.0, 62.0]"
pen_images/prem_19_20_20_21/f16.png,410,582,582,"[205.0, 291.0]"
pen_images/prem_19_20_20_21/f170.png,142,178,178,"[71.0, 89.0]"
pen_images/prem_19_20_20_21/f171.png,138,136,138,"[69.0, 68.0]"
pen_images/prem_19_20_20_21/f172.png,548,610,610,"[274.0, 305.0]"
pen_images/prem_19_20_20_21/f173.png,150,206,206,"[75.0, 103.0]"
pen_images/prem_19_20_20_21/f174.png,306,322,322,"[153.0, 161.0]"
pen_images/prem_19_20_20_21/f175.png,184,252,252,"[92.0, 126.0]"
pen_images/prem_19_20_20_21/f176.png,184,252,252,"[92.0, 126.0]"
pen_images/prem_19_20_20_21/f177.png,420,512,512,"[210.0, 256.0]"
pen_images/prem_19_20_20_21/f178.png,242,232,242,"[121.0, 116.0]"
pen_images/prem_19_20_20_21/f179.png,174,198,198,"[87.0, 99.0]"
pen_images/prem_19_20_20_21/f17.png,122,186,186,"[61.0, 93.0]"
pen_images/prem_19_20_20_21/f180.png,242,232,242,"[121.0, 116.0]"
pen_images/prem_19_20_20_21/f181.png,338,304,338,"[169.0, 152.0]"
pen_images/prem_19_20_20_21/f182.png,430,438,438,"[215.0, 219.0]"
pen_images/prem_19_20_20_21/f183.png,152,160,160,"[76.0, 80.0]"
pen_images/prem_19_20_20_21/f184.png,214,232,232,"[107.0, 116.0]"
pen_images/prem_19_20_20_21/f185.png,190,200,200,"[95.0, 100.0]"
pen_images/prem_19_20_20_21/f186.png,292,314,314,"[146.0, 157.0]"
pen_images/prem_19_20_20_21/f187.png,268,334,334,"[134.0, 167.0]"
pen_images/prem_19_20_20_21/f188.png,280,386,386,"[140.0, 193.0]"
pen_images/prem_19_20_20_21/f189.png,308,374,374,"[154.0, 187.0]"
pen_images/prem_19_20_20_21/f18.png,446,404,446,"[223.0, 202.0]"
pen_images/prem_19_20_20_21/f190.png,456,424,456,"[228.0, 212.0]"
pen_images/prem_19_20_20_21/f191.png,188,180,188,"[94.0, 90.0]"
pen_images/prem_19_20_20_21/f192.png,156,222,222,"[78.0, 111.0]"
pen_images/prem_19_20_20_21/f193.png,156,222,222,"[78.0, 111.0]"
pen_images/prem_19_20_20_21/f194.png,312,324,324,"[156.0, 162.0]"
pen_images/prem_19_20_20_21/f195.png,148,178,178,"[74.0, 89.0]"
pen_images/prem_19_20_20_21/f196.png,148,178,178,"[74.0, 89.0]"
pen_images/prem_19_20_20_21/f197.png,172,214,214,"[86.0, 107.0]"
pen_images/prem_19_20_20_21/f198.png,322,364,364,"[161.0, 182.0]"
pen_images/prem_19_20_20_21/f199.png,146,166,166,"[73.0, 83.0]"
pen_images/prem_19_20_20_21/f19.png,186,216,216,"[93.0, 108.0]"
pen_images/prem_19_20_20_21/f1.png,244,220,244,"[122.0, 110.0]"
pen_images/prem_19_20_20_21/f200.png,394,364,394,"[197.0, 182.0]"
pen_images/prem_19_20_20_21/f201.png,232,226,232,"[116.0, 113.0]"
pen_images/prem_19_20_20_21/f202.png,282,268,282,"[141.0, 134.0]"
pen_images/prem_19_20_20_21/f203.png,550,570,570,"[275.0, 285.0]"
pen_images/prem_19_20_20_21/f204.png,220,208,220,"[110.0, 104.0]"
pen_images/prem_19_20_20_21/f205.png,410,434,434,"[205.0, 217.0]"
pen_images/prem_19_20_20_21/f206.png,240,288,288,"[120.0, 144.0]"
pen_images/prem_19_20_20_21/f207.png,132,170,170,"[66.0, 85.0]"
pen_images/prem_19_20_20_21/f208.png,346,264,346,"[173.0, 132.0]"
pen_images/prem_19_20_20_21/f209.png,164,218,218,"[82.0, 109.0]"
pen_images/prem_19_20_20_21/f20.png,186,216,216,"[93.0, 108.0]"
pen_images/prem_19_20_20_21/f210.png,274,318,318,"[137.0, 159.0]"
pen_images/prem_19_20_20_21/f211.png,150,162,162,"[75.0, 81.0]"
pen_images/prem_19_20_20_21/f212.png,150,162,162,"[75.0, 81.0]"
pen_images/prem_19_20_20_21/f213.png,200,288,288,"[100.0, 144.0]"
pen_images/prem_19_20_20_21/f214.png,152,188,188,"[76.0, 94.0]"
pen_images/prem_19_20_20_21/f215.png,152,134,152,"[76.0, 67.0]"
pen_images/prem_19_20_20_21/f216.png,186,206,206,"[93.0, 103.0]"
pen_images/prem_19_20_20_21/f21.png,186,216,216,"[93.0, 108.0]"
pen_images/prem_19_20_20_21/f22.png,274,290,290,"[137.0, 145.0]"
pen_images/prem_19_20_20_21/f23.png,474,482,482,"[237.0, 241.0]"
pen_images/prem_19_20_20_21/f24.png,194,210,210,"[97.0, 105.0]"
pen_images/prem_19_20_20_21/f25.png,194,210,210,"[97.0, 105.0]"
pen_images/prem_19_20_20_21/f26.png,364,354,364,"[182.0, 177.0]"
pen_images/prem_19_20_20_21/f27.png,358,346,358,"[179.0, 173.0]"
pen_images/prem_19_20_20_21/f28.png,182,194,194,"[91.0, 97.0]"
pen_images/prem_19_20_20_21/f29.png,182,194,194,"[91.0, 97.0]"
pen_images/prem_19_20_20_21/f2.png,192,182,192,"[96.0, 91.0]"
pen_images/prem_19_20_20_21/f30.png,182,194,194,"[91.0, 97.0]"
pen_images/prem_19_20_20_21/f31.png,430,436,436,"[215.0, 218.0]"
pen_images/prem_19_20_20_21/f32.png,258,306,306,"[129.0, 153.0]"
pen_images/prem_19_20_20_21/f33.png,214,226,226,"[107.0, 113.0]"
pen_images/prem_19_20_20_21/f34.png,162,180,180,"[81.0, 90.0]"
pen_images/prem_19_20_20_21/f35.png,364,412,412,"[182.0, 206.0]"
pen_images/prem_19_20_20_21/f36.png,690,850,850,"[345.0, 425.0]"
pen_images/prem_19_20_20_21/f37.png,186,194,194,"[93.0, 97.0]"
pen_images/prem_19_20_20_21/f38.png,138,142,142,"[69.0, 71.0]"
pen_images/prem_19_20_20_21/f39.png,290,256,290,"[145.0, 128.0]"
pen_images/prem_19_20_20_21/f3.png,122,152,152,"[61.0, 76.0]"
pen_images/prem_19_20_20_21/f40.png,206,190,206,"[103.0, 95.0]"
pen_images/prem_19_20_20_21/f41.png,198,180,198,"[99.0, 90.0]"
pen_images/prem_19_20_20_21/f42.png,438,566,566,"[219.0, 283.0]"
pen_images/prem_19_20_20_21/f43.png,308,330,330,"[154.0, 165.0]"
pen_images/prem_19_20_20_21/f44.png,344,408,408,"[172.0, 204.0]"
pen_images/prem_19_20_20_21/f45.png,154,226,226,"[77.0, 113.0]"
pen_images/prem_19_20_20_21/f46.png,294,346,346,"[147.0, 173.0]"
pen_images/prem_19_20_20_21/f47.png,216,240,240,"[108.0, 120.0]"
pen_images/prem_19_20_20_21/f48.png,280,300,300,"[140.0, 150.0]"
pen_images/prem_19_20_20_21/f49.png,250,294,294,"[125.0, 147.0]"
pen_images/prem_19_20_20_21/f4.png,198,216,216,"[99.0, 108.0]"
pen_images/prem_19_20_20_21/f50.png,290,328,328,"[145.0, 164.0]"
pen_images/prem_19_20_20_21/f51.png,344,336,344,"[172.0, 168.0]"
pen_images/prem_19_20_20_21/f52.png,190,198,198,"[95.0, 99.0]"
pen_images/prem_19_20_20_21/f53.png,840,970,970,"[420.0, 485.0]"
pen_images/prem_19_20_20_21/f54.png,190,232,232,"[95.0, 116.0]"
pen_images/prem_19_20_20_21/f55.png,350,258,350,"[175.0, 129.0]"
pen_images/prem_19_20_20_21/f56.png,358,490,490,"[179.0, 245.0]"
pen_images/prem_19_20_20_21/f57.png,156,174,174,"[78.0, 87.0]"
pen_images/prem_19_20_20_21/f58.png,156,174,174,"[78.0, 87.0]"
pen_images/prem_19_20_20_21/f59.png,156,174,174,"[78.0, 87.0]"
pen_images/prem_19_20_20_21/f5.png,182,200,200,"[91.0, 100.0]"
pen_images/prem_19_20_20_21/f60.png,204,244,244,"[102.0, 122.0]"
pen_images/prem_19_20_20_21/f61.png,388,344,388,"[194.0, 172.0]"
pen_images/prem_19_20_20_21/f62.png,184,228,228,"[92.0, 114.0]"
pen_images/prem_19_20_20_21/f63.png,140,180,180,"[70.0, 90.0]"
pen_images/prem_19_20_20_21/f64.png,362,340,362,"[181.0, 170.0]"
pen_images/prem_19_20_20_21/f65.png,304,306,306,"[152.0, 153.0]"
pen_images/prem_19_20_20_21/f66.png,150,188,188,"[75.0, 94.0]"
pen_images/prem_19_20_20_21/f67.png,156,206,206,"[78.0, 103.0]"
pen_images/prem_19_20_20_21/f68.png,456,494,494,"[228.0, 247.0]"
pen_images/prem_19_20_20_21/f69.png,452,336,452,"[226.0, 168.0]"
pen_images/prem_19_20_20_21/f6.png,182,200,200,"[91.0, 100.0]"
pen_images/prem_19_20_20_21/f70.png,452,586,586,"[226.0, 293.0]"
pen_images/prem_19_20_20_21/f71.png,212,180,212,"[106.0, 90.0]"
pen_images/prem_19_20_20_21/f72.png,246,268,268,"[123.0, 134.0]"
pen_images/prem_19_20_20_21/f73.png,184,166,184,"[92.0, 83.0]"
pen_images/prem_19_20_20_21/f74.png,184,166,184,"[92.0, 83.0]"
pen_images/prem_19_20_20_21/f75.png,158,186,186,"[79.0, 93.0]"
pen_images/prem_19_20_20_21/f76.png,344,350,350,"[172.0, 175.0]"
pen_images/prem_19_20_20_21/f77.png,168,168,168,"[84.0, 84.0]"
pen_images/prem_19_20_20_21/f78.png,168,168,168,"[84.0, 84.0]"
pen_images/prem_19_20_20_21/f79.png,186,186,186,"[93.0, 93.0]"
pen_images/prem_19_20_20_21/f7.png,242,200,242,"[121.0, 100.0]"
pen_images/prem_19_20_20_21/f80.png,206,196,206,"[103.0, 98.0]"
pen_images/prem_19_20_20_21/f81.png,206,196,206,"[103.0, 98.0]"
pen_images/prem_19_20_20_21/f82.png,206,196,206,"[103.0, 98.0]"
pen_images/prem_19_20_20_21/f83.png,206,196,206,"[103.0, 98.0]"
pen_images/prem_19_20_20_21/f84.png,220,240,240,"[110.0, 120.0]"
pen_images/prem_19_20_20_21/f85.png,386,380,386,"[193.0, 190.0]"
pen_images/prem_19_20_20_21/f86.png,338,436,436,"[169.0, 218.0]"
pen_images/prem_19_20_20_21/f87.png,216,238,238,"[108.0, 119.0]"
pen_images/prem_19_20_20_21/f88.png,136,182,182,"[68.0, 91.0]"
pen_images/prem_19_20_20_21/f89.png,136,182,182,"[68.0, 91.0]"
pen_images/prem_19_20_20_21/f8.png,198,184,198,"[99.0, 92.0]"
pen_images/prem_19_20_20_21/f90.png,350,382,382,"[175.0, 191.0]"
pen_images/prem_19_20_20_21/f91.png,252,270,270,"[126.0, 135.0]"
pen_images/prem_19_20_20_21/f92.png,192,182,192,"[96.0, 91.0]"
pen_images/prem_19_20_20_21/f93.png,164,182,182,"[82.0, 91.0]"
pen_images/prem_19_20_20_21/f94.png,148,208,208,"[74.0, 104.0]"
pen_images/prem_19_20_20_21/f95.png,148,208,208,"[74.0, 104.0]"
pen_images/prem_19_20_20_21/f96.png,188,172,188,"[94.0, 86.0]"
pen_images/prem_19_20_20_21/f97.png,540,590,590,"[270.0, 295.0]"
pen_images/prem_19_20_20_21/f98.png,168,200,200,"[84.0, 100.0]"
pen_images/prem_19_20_20_21/f99.png,156,204,204,"[78.0, 102.0]"
pen_images/prem_19_20_20_21/f9.png,216,184,216,"[108.0, 92.0]"
